SourceIdentifier,SourceFileName,GLAccountCode,Division,SubDivision,ProfitCentre1,ProfitCentre2,PlantCode,ReturnPeriod,SupplierGSTIN,DocumentType,SupplyType,DocumentNumber,DocumentDate,OriginalDocumentNumber,OriginalDocumentDate,CRDRPreGST,LineNumber,CustomerGSTIN,UINorComposition,OriginalCustomerGSTIN,CustomerName,CustomerCode,BillToState,ShipToState,POS,PortCode,ShippingBillNumber,ShippingBillDate,FOB,ExportDuty,HSNorSAC,ProductCode,ProductDescription,CategoryOfProduct,UnitOfMeasurement,Quantity,TaxableValue,IntegratedTaxRate,IntegratedTaxAmount,CentralTaxRate,CentralTaxAmount,StateUTTaxRate,StateUTTaxAmount,CessRateAdvalorem,CessAmountAdvalorem,CessRateSpecific,CessAmountSpecific,InvoiceValue,ReverseChargeFlag,TCSFlag,eComGSTIN,ITCFlag,ReasonForCreditDebitNote,AccountingVoucherNumber,AccountingVoucherDate,Userdefinedfield1,Userdefinedfield2,Userdefinedfield3
"FILE","FGR-22","GLAV","G1","FGR-55","PC11","PC21","G001","'102023","29AAAPH9357H000","INV","TAX","T11CLOUDNIC01","'2023-10-04","IRP-NIC3","2023-06-27","N","1","33GSPTN0481G1ZA","","","ESTUATE SOFTWARE TECHNOLOGIESA","ER-6767","33","33","33","INBLR4","4564566","'2022-01-18","567.45","8888.00","25232910","SD678","Electronics","SOD345","NOS","1000.000","152000.00","12.000","18240.00","0.000","0.00","0.000","0.00","0.000","0.00","0.00","0.00","170239.00","N","N","","T3","","T11CLOUDNIC01","2023-10-04","FGR UD1","FGR UD2","FGR UD3"
"FILE","FGR-22","GLAV","G1","FGR-55","PC11","PC21","G001","'102023","29AAAPH9357H000","INV","DXP","T11CLOUDNIC02","'2023-10-04","ERP-SCN1","2023-06-26","N","1","33GSPTN0481G1ZA","","","ESTUATE SOFTWARE TECHNOLOGIESA","ER-6767","33","08","33","INBLR4","4564566","'2022-01-18","567.45","8888.00","25232910","SD678","Electronics","SOD345","NOS","1000.000","152000.00","12.000","18240.00","0.000","0.00","0.000","0.00","0.000","0.00","0.00","0.00","170239.00","N","N","","T3","","T11CLOUDNIC02","2023-10-04","FGR UD1","FGR UD2","FGR UD3"
"FILE","FGR-22","GLAV","G1","FGR-55","PC11","PC21","G001","'102023","29AAAPH9357H000","INV","DTA","T11CLOUDNIC03","'2023-10-04","ERP-SCN1","2023-06-26","N","1","33GSPTN0481G1ZA","","","ESTUATE SOFTWARE TECHNOLOGIESA","ER-6767","33","08","33","INBLR4","4564566","'2022-01-18","567.45","8888.00","25232910","SD678","Electronics","SOD345","NOS","1000.000","152000.00","12.000","18240.00","0.000","0.00","0.000","0.00","0.000","0.00","0.00","0.00","170239.00","N","N","","T3","","T11CLOUDNIC03","2023-10-04","FGR UD1","FGR UD2","FGR UD3"
"FILE","FGR-22","GLAV","G1","FGR-55","PC11","PC21","G001","'102023","29AAAPH9357H000","INV","NIL","T11CLOUDNIC04","'2023-10-04","ERP-SCN1","2023-06-26","N","1","33GSPTN0481G1ZA","","","ESTUATE SOFTWARE TECHNOLOGIESA","ER-6767","33","08","33","INBLR4","4564566","'2022-01-18","567.45","8888.00","25232910","SD678","Electronics","SOD345","NOS","1000.000","152000.00","0.000","0.00","0.000","0.00","0.000","0.00","0.000","0.00","0.00","0.00","151999.00","N","N","","T3","","T11CLOUDNIC04","2023-10-04","FGR UD1","FGR UD2","FGR UD3"
"FILE","FGR-22","GLAV","G1","FGR-55","PC11","PC21","G001","'102023","29AAAPH9357H000","INV","EXT","T11CLOUDNIC05","'2023-10-04","ERP-SCN1","2023-06-26","N","1","33GSPTN0481G1ZA","","","ESTUATE SOFTWARE TECHNOLOGIESA","ER-6767","33","08","33","INBLR4","4564566","'2022-01-18","567.45","8888.00","25232910","SD678","Electronics","SOD345","NOS","1000.000","152000.00","0.000","0.00","0.000","0.00","0.000","0.00","0.000","0.00","0.00","0.00","151999.00","N","N","","T3","","T11CLOUDNIC05","2023-10-04","FGR UD1","FGR UD2","FGR UD3"
"FILE","FGR-22","GLAV","G1","FGR-55","PC11","PC21","G001","'102023","29AAAPH9357H000","INV","NON","T11CLOUDNIC10","'2023-10-04","4569881","2021-02-26","N","1","33GSPTN0481G1ZA","","","ESTUATE SOFTWARE TECHNOLOGIES","ER-6767","33","","33","INBLR4","4564566","'2022-02-26","567.45","8888.00","25232910","SD678","Electronics","SOD345","NOS","1000.000","152000.00","0.000","0.00","0.000","0.00","0.000","0.00","0.000","0.00","0.00","0.00","152000.00","N","N","","T3","","T11CLOUDNIC10","2023-10-04","FGR UD1","FGR UD2","FGR UD3"
"FILE","FGR-22","GLAV","G1","FGR-55","PC11","PC21","G001","'102023","29AAAPH9357H000","INV","TAX","T11CLOUDNIC11","'2023-10-04","IRP-NIC3","2023-06-27","N","1","33GSPTN0481G1ZA","","","ESTUATE SOFTWARE TECHNOLOGIESA","ER-6767","33","33","33","INBLR4","4564566","'2022-01-18","567.45","8888.00","25232910","SD678","Electronics","SOD345","NOS","1000.000","152000.00","12.000","18240.00","0.000","0.00","0.000","0.00","0.000","0.00","0.00","0.00","170239.00","N","N","","T3","","T11CLOUDNIC11","2023-10-04","FGR UD1","FGR UD2","FGR UD3"
"FILE","FGR-22","GLAV","G1","FGR-55","PC11","PC21","G001","'102023","29AAAPH9357H000","INV","DXP","T11CLOUDNIC12","'2023-10-04","ERP-SCN1","2023-06-26","N","1","33GSPTN0481G1ZA","","","ESTUATE SOFTWARE TECHNOLOGIESA","ER-6767","33","08","33","INBLR4","4564566","'2022-01-18","567.45","8888.00","25232910","SD678","Electronics","SOD345","NOS","1000.000","152000.00","12.000","18240.00","0.000","0.00","0.000","0.00","0.000","0.00","0.00","0.00","170239.00","N","N","","T3","","T11CLOUDNIC12","2023-10-04","FGR UD1","FGR UD2","FGR UD3"
"FILE","FGR-22","GLAV","G1","FGR-55","PC11","PC21","G001","'102023","29AAAPH9357H000","INV","DTA","T11CLOUDNIC13","'2023-10-04","ERP-SCN1","2023-06-26","N","1","33GSPTN0481G1ZA","","","ESTUATE SOFTWARE TECHNOLOGIESA","ER-6767","33","08","33","INBLR4","4564566","'2022-01-18","567.45","8888.00","25232910","SD678","Electronics","SOD345","NOS","1000.000","152000.00","12.000","18240.00","0.000","0.00","0.000","0.00","0.000","0.00","0.00","0.00","170239.00","N","N","","T3","","T11CLOUDNIC13","2023-10-04","FGR UD1","FGR UD2","FGR UD3"
"FILE","FGR-22","GLAV","G1","FGR-55","PC11","PC21","G001","'102023","29AAAPH9357H000","INV","NIL","T11CLOUDNIC14","'2023-10-04","ERP-SCN1","2023-06-26","N","1","33GSPTN0481G1ZA","","","ESTUATE SOFTWARE TECHNOLOGIESA","ER-6767","33","08","33","INBLR4","4564566","'2022-01-18","567.45","8888.00","25232910","SD678","Electronics","SOD345","NOS","1000.000","152000.00","0.000","0.00","0.000","0.00","0.000","0.00","0.000","0.00","0.00","0.00","151999.00","N","N","","T3","","T11CLOUDNIC14","2023-10-04","FGR UD1","FGR UD2","FGR UD3"
"FILE","FGR-22","GLAV","G1","FGR-55","PC11","PC21","G001","'102023","29AAAPH9357H000","INV","EXT","T11CLOUDNIC15","'2023-10-04","ERP-SCN1","2023-06-26","N","1","33GSPTN0481G1ZA","","","ESTUATE SOFTWARE TECHNOLOGIESA","ER-6767","33","08","33","INBLR4","4564566","'2022-01-18","567.45","8888.00","25232910","SD678","Electronics","SOD345","NOS","1000.000","152000.00","0.000","0.00","0.000","0.00","0.000","0.00","0.000","0.00","0.00","0.00","151999.00","N","N","","T3","","T11CLOUDNIC15","2023-10-04","FGR UD1","FGR UD2","FGR UD3"
"FILE","FGR-22","GLAV","G1","FGR-55","PC11","PC21","G001","'102023","29AAAPH9357H000","INV","NON","T11CLOUDNIC20","'2023-10-04","4569881","2021-02-26","N","1","33GSPTN0481G1ZA","","","ESTUATE SOFTWARE TECHNOLOGIES","ER-6767","33","36","33","INBLR4","4564566","'2022-02-26","567.45","8888.00","25232910","SD678","Electronics","SOD345","NOS","1000.000","152000.00","0.000","0.00","0.000","0.00","0.000","0.00","0.000","0.00","0.00","0.00","152000.00","N","N","","T3","","T11CLOUDNIC20","2023-10-04","FGR UD1","FGR UD2","FGR UD3"
"FILE","FGR-22","GLAV","G1","FGR-55","PC11","PC21","G001","'102023","29AAAPH9357H000","INV","TAX","T11CLOUDNIC21","'2023-10-04","IRP-NIC3","2023-06-27","N","1","33GSPTN0481G1ZA","","","ESTUATE SOFTWARE TECHNOLOGIESA","ER-6767","33","33","33","INBLR4","4564566","'2022-01-18","567.45","8888.00","25232910","SD678","Electronics","SOD345","NOS","1000.000","152000.00","12.000","18240.00","0.000","0.00","0.000","0.00","0.000","0.00","0.00","0.00","170239.00","N","N","","T3","","T11CLOUDNIC21","2023-10-04","FGR UD1","FGR UD2","FGR UD3"
"FILE","FGR-22","GLAV","G1","FGR-55","PC11","PC21","G001","'102023","29AAAPH9357H000","INV","DXP","T11CLOUDNIC22","'2023-10-04","ERP-SCN1","2023-06-26","N","1","33GSPTN0481G1ZA","","","ESTUATE SOFTWARE TECHNOLOGIESA","ER-6767","33","08","33","INBLR4","4564566","'2022-01-18","567.45","8888.00","25232910","SD678","Electronics","SOD345","NOS","1000.000","152000.00","12.000","18240.00","0.000","0.00","0.000","0.00","0.000","0.00","0.00","0.00","170239.00","N","N","","T3","","T11CLOUDNIC22","2023-10-04","FGR UD1","FGR UD2","FGR UD3"
"FILE","FGR-22","GLAV","G1","FGR-55","PC11","PC21","G001","'102023","29AAAPH9357H000","INV","DTA","T11CLOUDNIC23","'2023-10-04","ERP-SCN1","2023-06-26","N","1","33GSPTN0481G1ZA","","","ESTUATE SOFTWARE TECHNOLOGIESA","ER-6767","33","08","33","INBLR4","4564566","'2022-01-18","567.45","8888.00","25232910","SD678","Electronics","SOD345","NOS","1000.000","152000.00","12.000","18240.00","0.000","0.00","0.000","0.00","0.000","0.00","0.00","0.00","170239.00","N","N","","T3","","T11CLOUDNIC23","2023-10-04","FGR UD1","FGR UD2","FGR UD3"
"FILE","FGR-22","GLAV","G1","FGR-55","PC11","PC21","G001","'102023","29AAAPH9357H000","INV","NIL","T11CLOUDNIC24","'2023-10-04","ERP-SCN1","2023-06-26","N","1","33GSPTN0481G1ZA","","","ESTUATE SOFTWARE TECHNOLOGIESA","ER-6767","33","08","33","INBLR4","4564566","'2022-01-18","567.45","8888.00","25232910","SD678","Electronics","SOD345","NOS","1000.000","152000.00","0.000","0.00","0.000","0.00","0.000","0.00","0.000","0.00","0.00","0.00","151999.00","N","N","","T3","","T11CLOUDNIC24","2023-10-04","FGR UD1","FGR UD2","FGR UD3"
"FILE","FGR-22","GLAV","G1","FGR-55","PC11","PC21","G001","'102023","29AAAPH9357H000","INV","EXT","T11CLOUDNIC25","'2023-10-04","ERP-SCN1","2023-06-26","N","1","33GSPTN0481G1ZA","","","ESTUATE SOFTWARE TECHNOLOGIESA","ER-6767","33","08","33","INBLR4","4564566","'2022-01-18","567.45","8888.00","25232910","SD678","Electronics","SOD345","NOS","1000.000","152000.00","0.000","0.00","0.000","0.00","0.000","0.00","0.000","0.00","0.00","0.00","151999.00","N","N","","T3","","T11CLOUDNIC25","2023-10-04","FGR UD1","FGR UD2","FGR UD3"
"FILE","FGR-22","GLAV","G1","FGR-55","PC11","PC21","G001","'102023","29AAAPH9357H000","INV","NON","T11CLOUDNIC30","'2023-10-04","4569881","2021-02-26","N","1","33GSPTN0481G1ZA","","","ESTUATE SOFTWARE TECHNOLOGIES","ER-6767","33","","33","INBLR4","4564566","'2022-02-26","567.45","8888.00","25232910","SD678","Electronics","SOD345","NOS","1000.000","152000.00","0.000","0.00","0.000","0.00","0.000","0.00","0.000","0.00","0.00","0.00","152000.00","N","N","","T3","","T11CLOUDNIC30","2023-10-04","FGR UD1","FGR UD2","FGR UD3"
"","","","","","","","G001","'112023","29ABCDE1234P2Z1","INV","DXP","XYZ-1","'2023-06-01","","","N","1","33GSPTN0482G1Z9","","","CLNAME","","33","","33","","","","","","37071000","","wheat","","KGS","10.000","1000.00","18.000","180.00","","","","","9.000","90.00","9.00","90.00","1360.00","N","Y","27GSPMH0482G1C1","","","EYEV368470","2022-05-26","","",""
"","","","","","","","G001","'112023","29ABCDE1234P2Z1","INV","SEZWP","XYZ-2","'2023-06-01","","","N","1","33GSPTN0482G1Z9","","","CLNAME","","33","","33","","","","","","37071000","","wheat","","KGS","10.000","1000.00","18.000","180.00","","","","","9.000","90.00","9.00","90.00","1360.00","N","Y","27GSPMH0482G1C1","","","EYEV368470","2022-05-26","","",""
"","","","","","","","G001","'112023","29ABCDE1234P2Z1","DR","DXP","XYZ-7","'2023-06-01","","","N","1","33GSPTN0482G1Z9","","","CLNAME","","33","","33","","","","","","37071000","","wheat","","KGS","10.000","1000.00","18.000","180.00","","","","","9.000","90.00","9.00","90.00","1360.00","N","Y","27GSPMH0482G1C1","","","EYEV368470","2022-05-26","","",""
"","","","","","","","G001","'112023","29ABCDE1234P2Z1","DR","SEZWP","XYZ-8","'2023-06-01","","","N","1","33GSPTN0482G1Z9","","","CLNAME","","33","","33","","","","","","37071000","","wheat","","KGS","10.000","1000.00","18.000","180.00","","","","","9.000","90.00","9.00","90.00","1360.00","N","Y","27GSPMH0482G1C1","","","EYEV368470","2022-05-26","","",""
"","","","","","","","G001","'112023","29ABCDE1234P2Z1","INV","DXP","TOTUAT-1","'2023-06-01","","","N","1","33GSPTN0482G1Z9","","","CLNAME","","29","","29","","","","","","37071000","","wheat","","KGS","10.000","1000.00","","","9.000","90.00","9.000","90.00","9.000","90.00","9.00","90.00","1360.00","N","Y","27GSPMH0482G1C1","","","EYEV368470","2022-05-26","","",""
"","","","","","","","G001","'112023","29ABCDE1234P2Z1","DR","DXP","TOTUAT-7","'2023-06-01","","","N","1","33GSPTN0482G1Z9","","","CLNAME","","29","","29","","","","","","37071000","","wheat","","KGS","10.000","1000.00","","","9.000","90.00","9.000","90.00","9.000","90.00","9.00","90.00","1360.00","N","Y","27GSPMH0482G1C1","","","EYEV368470","2022-05-26","","",""
"","","","","","","","G001","'112023","29ABCDE1234P2Z1","INV","DXP","TOTUAT-9","'2023-06-01","","","N","1","33GSPTN0482G1Z9","","","CLNAME","","29","","29","","","","","","37071000","","wheat","","KGS","10.000","1000.00","","","9.000","90.00","9.000","90.00","9.000","90.00","9.00","90.00","1360.00","N","E","18GSPTN0482G2Z3","","","EYEV368470","2022-05-26","","",""
"","","","","","","","G001","'112023","29ABCDE1234P2Z1","DR","DXP","TOTUAT-12","'2023-06-01","","","N","1","33GSPTN0482G1Z9","","","CLNAME","","29","","29","","","","","","37071000","","wheat","","KGS","10.000","1000.00","","","9.000","90.00","9.000","90.00","9.000","90.00","9.00","90.00","1360.00","N","E","18GSPTN0482G2Z3","","","EYEV368470","2022-05-26","","",""
"","","","","","","","G001","'112023","29ABCDE1234P2Z1","CR","DXP","TOTUAT-15","'2023-06-01","","","N","1","33GSPTN0482G1Z9","","","CLNAME","","29","","29","","","","","","37071000","","wheat","","KGS","10.000","1000.00","","","9.000","90.00","9.000","90.00","9.000","90.00","9.00","90.00","1360.00","N","E","18GSPTN0482G2Z3","","","EYEV368470","2022-05-26","","",""
"","","","","","","","G001","'112023","29ABCDE1234P2Z1","INV","TAX","TOTUAT-18","'2023-06-01","","","N","1","33GSPTN0482G1Z9","","","CLNAME","","29","","29","","","","","","37071000","","wheat","","KGS","10.000","1000.00","","","9.000","90.00","9.000","90.00","9.000","90.00","9.00","90.00","1360.00","N","O","18GSPTN0482G2Z3","","","EYEV368470","2022-05-26","","",""
"","","","","","","","G001","'112023","29ABCDE1234P2Z1","INV","TAX","TOTUAT-19","'2023-06-01","","","N","1","33GSPTN0482G1Z9","","","CLNAME","","29","","29","","","","","","37071000","","wheat","","KGS","10.000","1000.00","","","9.000","90.00","9.000","90.00","9.000","90.00","9.00","90.00","1360.00","N","O","18GSPTN0482G2Z3","","","EYEV368470","2022-05-26","","",""
"","","","","","","","G001","'112023","29ABCDE1234P2Z1","INV","TAX","TOTUAT-20","'2023-06-01","","","N","1","33GSPTN0482G1Z9","","","CLNAME","","29","","29","","","","","","37071000","","wheat","","KGS","10.000","1000.00","","","9.000","90.00","9.000","90.00","9.000","90.00","9.00","90.00","1360.00","N","O","18GSPTN0482G2Z3","","","EYEV368470","2022-05-26","","",""
"","","","","","","","G001","'112023","29ABCDE1234P2Z1","CR","TAX","TOTUAT-21","'2023-06-01","","","N","1","33GSPTN0482G1Z9","","","CLNAME","","29","","29","","","","","","37071000","","wheat","","KGS","10.000","1000.00","","","9.000","90.00","9.000","90.00","9.000","90.00","9.00","90.00","1360.00","N","O","18GSPTN0482G2Z3","","","EYEV368470","2022-05-26","","",""
"","","","","","","","G001","'112023","29ABCDE1234P2Z1","CR","TAX","TOTUAT-22","'2023-06-01","","","N","1","33GSPTN0482G1Z9","","","CLNAME","","29","","29","","","","","","37071000","","wheat","","KGS","10.000","1000.00","","","9.000","90.00","9.000","90.00","9.000","90.00","9.00","90.00","1360.00","N","O","18GSPTN0482G2Z3","","","EYEV368470","2022-05-26","","",""
"","","","","","","","G001","'112023","29ABCDE1234P2Z1","CR","TAX","TOTUAT-23","'2023-06-01","","","N","1","33GSPTN0482G1Z9","","","CLNAME","","29","","29","","","","","","37071000","","wheat","","KGS","10.000","1000.00","","","9.000","90.00","9.000","90.00","9.000","90.00","9.00","90.00","1360.00","N","O","18GSPTN0482G2Z3","","","EYEV368470","2022-05-26","","",""
"","","","","","","","G001","'112023","29ABCDE1234P2Z1","DR","TAX","TOTUAT-24","'2023-06-01","","","N","1","33GSPTN0482G1Z9","","","CLNAME","","29","","29","","","","","","37071000","","wheat","","KGS","10.000","1000.00","","","9.000","90.00","9.000","90.00","9.000","90.00","9.00","90.00","1360.00","N","O","18GSPTN0482G2Z3","","","EYEV368470","2022-05-26","","",""
"","","","","","","","G001","'112023","29ABCDE1234P2Z1","DR","TAX","TOTUAT-25","'2023-06-01","","","N","1","33GSPTN0482G1Z9","","","CLNAME","","29","","29","","","","","","37071000","","wheat","","KGS","10.000","1000.00","","","9.000","90.00","9.000","90.00","9.000","90.00","9.00","90.00","1360.00","N","O","18GSPTN0482G2Z3","","","EYEV368470","2022-05-26","","",""
"","","","","","","","G001","'112023","29ABCDE1234P2Z1","DR","TAX","TOTUAT-26","'2023-06-01","","","N","1","33GSPTN0482G1Z9","","","CLNAME","","29","","29","","","","","","37071000","","wheat","","KGS","10.000","1000.00","","","9.000","90.00","9.000","90.00","9.000","90.00","9.00","90.00","1360.00","N","O","18GSPTN0482G2Z3","","","EYEV368470","2022-05-26","","",""
"","","","","","","","G001","'112023","29ABCDE1234P2Z1","INV","DXP","TOTUAT-36","'2023-06-01","","","N","1","33GSPTN0482G1Z9","","","CLNAME","","29","","29","","","","","","37071000","","wheat","","KGS","10.000","1000.00","","","9.000","90.00","9.000","90.00","9.000","90.00","9.00","90.00","1360.00","N","O","","","","EYEV368470","2022-05-26","","",""
"","","","","","","","G001","'112023","29ABCDE1234P2Z1","CR","DXP","TOTUAT-39","'2023-06-01","","","N","1","33GSPTN0482G1Z9","","","CLNAME","","29","","29","","","","","","37071000","","wheat","","KGS","10.000","1000.00","","","9.000","90.00","9.000","90.00","9.000","90.00","9.00","90.00","1360.00","N","O","","","","EYEV368470","2022-05-26","","",""
"","","","","","","","G001","'112023","29ABCDE1234P2Z1","DR","DXP","TOTUAT-42","'2023-06-01","","","N","1","33GSPTN0482G1Z9","","","CLNAME","","29","","29","","","","","","37071000","","wheat","","KGS","10.000","1000.00","","","9.000","90.00","9.000","90.00","9.000","90.00","9.00","90.00","1360.00","N","O","","","","EYEV368470","2022-05-26","","",""
"","","","","","","","G001","'112023","29ABCDE1234P2Z1","INV","DXP","TOTAL-1","'2023-06-01","","","N","1","33GSPTN0482G1Z9","","","CLNAME","","33","","33","","","","","","37071000","","wheat","","KGS","10.000","1000.00","18.000","180.00","","","","","9.000","90.00","9.00","90.00","1360.00","N","E","18GSPTN0482G2Z3","","","EYEV368470","2022-05-26","","",""
"","","","","","","","G001","'112023","29ABCDE1234P2Z1","INV","SEZWP","TOTAL-2","'2023-06-01","","","N","1","33GSPTN0482G1Z9","","","CLNAME","","33","","33","","","","","","37071000","","wheat","","KGS","10.000","1000.00","18.000","180.00","","","","","9.000","90.00","9.00","90.00","1360.00","N","E","18GSPTN0482G2Z3","","","EYEV368470","2022-05-26","","",""
"","","","","","","","G001","'112023","29ABCDE1234P2Z1","DR","DXP","TOTAL-4","'2023-06-01","","","N","1","33GSPTN0482G1Z9","","","CLNAME","","33","","33","","","","","","37071000","","wheat","","KGS","10.000","1000.00","18.000","180.00","","","","","9.000","90.00","9.00","90.00","1360.00","N","E","18GSPTN0482G2Z3","","","EYEV368470","2022-05-26","","",""
"","","","","","","","G001","'112023","29ABCDE1234P2Z1","DR","SEZWP","TOTAL-5","'2023-06-01","","","N","1","33GSPTN0482G1Z9","","","CLNAME","","33","","33","","","","","","37071000","","wheat","","KGS","10.000","1000.00","18.000","180.00","","","","","9.000","90.00","9.00","90.00","1360.00","N","E","18GSPTN0482G2Z3","","","EYEV368470","2022-05-26","","",""
"","","","","","","","G001","'112023","29ABCDE1234P2Z1","CR","DXP","TOTAL-7","'2023-06-01","","","N","1","33GSPTN0482G1Z9","","","CLNAME","","33","","33","","","","","","37071000","","wheat","","KGS","10.000","1000.00","18.000","180.00","","","","","9.000","90.00","9.00","90.00","1360.00","N","E","18GSPTN0482G2Z3","","","EYEV368470","2022-05-26","","",""
"","","","","","","","G001","'112023","29ABCDE1234P2Z1","CR","SEZWP","TOTAL-8","'2023-06-01","","","N","1","33GSPTN0482G1Z9","","","CLNAME","","33","","33","","","","","","37071000","","wheat","","KGS","10.000","1000.00","18.000","180.00","","","","","9.000","90.00","9.00","90.00","1360.00","N","E","18GSPTN0482G2Z3","","","EYEV368470","2022-05-26","","",""
"","","","","","","","G001","'112023","29ABCDE1234P2Z1","INV","TAX","TOTAL-19","'2023-06-01","","","N","1","33GSPTN0482G1Z9","","","CLNAME","","33","","33","","","","","","37071000","","wheat","","KGS","10.000","1000.00","18.000","180.00","","","","","9.000","90.00","9.00","90.00","1360.00","N","O","18GSPTN0482G2Z3","","","EYEV368470","2022-05-26","","",""
"","","","","","","","G001","'112023","29ABCDE1234P2Z1","INV","TAX","TOTAL-20","'2023-06-01","","","N","1","33GSPTN0482G1Z9","","","CLNAME","","33","","33","","","","","","37071000","","wheat","","KGS","10.000","1000.00","18.000","180.00","","","","","9.000","90.00","9.00","90.00","1360.00","N","O","18GSPTN0482G2Z3","","","EYEV368470","2022-05-26","","",""
"","","","","","","","G001","'112023","29ABCDE1234P2Z1","INV","TAX","TOTAL-21","'2023-06-01","","","N","1","33GSPTN0482G1Z9","","","CLNAME","","33","","33","","","","","","37071000","","wheat","","KGS","10.000","1000.00","18.000","180.00","","","","","9.000","90.00","9.00","90.00","1360.00","N","O","18GSPTN0482G2Z3","","","EYEV368470","2022-05-26","","",""
"","","","","","","","G001","'112023","29ABCDE1234P2Z1","CR","TAX","TOTAL-22","'2023-06-01","","","N","1","33GSPTN0482G1Z9","","","CLNAME","","33","","33","","","","","","37071000","","wheat","","KGS","10.000","1000.00","18.000","180.00","","","","","9.000","90.00","9.00","90.00","1360.00","N","O","18GSPTN0482G2Z3","","","EYEV368470","2022-05-26","","",""
"","","","","","","","G001","'112023","29ABCDE1234P2Z1","CR","TAX","TOTAL-23","'2023-06-01","","","N","1","33GSPTN0482G1Z9","","","CLNAME","","33","","33","","","","","","37071000","","wheat","","KGS","10.000","1000.00","18.000","180.00","","","","","9.000","90.00","9.00","90.00","1360.00","N","O","18GSPTN0482G2Z3","","","EYEV368470","2022-05-26","","",""
"","","","","","","","G001","'112023","29ABCDE1234P2Z1","CR","TAX","TOTAL-24","'2023-06-01","","","N","1","33GSPTN0482G1Z9","","","CLNAME","","33","","33","","","","","","37071000","","wheat","","KGS","10.000","1000.00","18.000","180.00","","","","","9.000","90.00","9.00","90.00","1360.00","N","O","18GSPTN0482G2Z3","","","EYEV368470","2022-05-26","","",""
"","","","","","","","G001","'112023","29ABCDE1234P2Z1","DR","TAX","TOTAL-25","'2023-06-01","","","N","1","33GSPTN0482G1Z9","","","CLNAME","","33","","33","","","","","","37071000","","wheat","","KGS","10.000","1000.00","18.000","180.00","","","","","9.000","90.00","9.00","90.00","1360.00","N","O","18GSPTN0482G2Z3","","","EYEV368470","2022-05-26","","",""
"","","","","","","","G001","'112023","29ABCDE1234P2Z1","DR","TAX","TOTAL-26","'2023-06-01","","","N","1","33GSPTN0482G1Z9","","","CLNAME","","33","","33","","","","","","37071000","","wheat","","KGS","10.000","1000.00","18.000","180.00","","","","","9.000","90.00","9.00","90.00","1360.00","N","O","18GSPTN0482G2Z3","","","EYEV368470","2022-05-26","","",""
"","","","","","","","G001","'112023","29ABCDE1234P2Z1","DR","TAX","TOTAL-27","'2023-06-01","","","N","1","33GSPTN0482G1Z9","","","CLNAME","","33","","33","","","","","","37071000","","wheat","","KGS","10.000","1000.00","18.000","180.00","","","","","9.000","90.00","9.00","90.00","1360.00","N","O","18GSPTN0482G2Z3","","","EYEV368470","2022-05-26","","",""
"","","","","","","","G001","'112023","29ABCDE1234P2Z1","INV","DXP","TOTAL-37","'2023-06-01","","","N","1","33GSPTN0482G1Z9","","","CLNAME","","33","","33","","","","","","37071000","","wheat","","KGS","10.000","1000.00","18.000","180.00","","","","","9.000","90.00","9.00","90.00","1360.00","N","O","","","","EYEV368470","2022-05-26","","",""
"","","","","","","","G001","'112023","29ABCDE1234P2Z1","INV","SEZWP","TOTAL-38","'2023-06-01","","","N","1","33GSPTN0482G1Z9","","","CLNAME","","33","","33","","","","","","37071000","","wheat","","KGS","10.000","1000.00","18.000","180.00","","","","","9.000","90.00","9.00","90.00","1360.00","N","O","","","","EYEV368470","2022-05-26","","",""
"","","","","","","","G001","'112023","29ABCDE1234P2Z1","CR","DXP","TOTAL-40","'2023-06-01","","","N","1","33GSPTN0482G1Z9","","","CLNAME","","33","","33","","","","","","37071000","","wheat","","KGS","10.000","1000.00","18.000","180.00","","","","","9.000","90.00","9.00","90.00","1360.00","N","O","","","","EYEV368470","2022-05-26","","",""
"","","","","","","","G001","'112023","29ABCDE1234P2Z1","CR","SEZWP","TOTAL-41","'2023-06-01","","","N","1","33GSPTN0482G1Z9","","","CLNAME","","33","","33","","","","","","37071000","","wheat","","KGS","10.000","1000.00","18.000","180.00","","","","","9.000","90.00","9.00","90.00","1360.00","N","O","","","","EYEV368470","2022-05-26","","",""
"","","","","","","","G001","'112023","29ABCDE1234P2Z1","DR","DXP","TOTAL-43","'2023-06-01","","","N","1","33GSPTN0482G1Z9","","","CLNAME","","33","","33","","","","","","37071000","","wheat","","KGS","10.000","1000.00","18.000","180.00","","","","","9.000","90.00","9.00","90.00","1360.00","N","O","","","","EYEV368470","2022-05-26","","",""
"","","","","","","","G001","'112023","29ABCDE1234P2Z1","DR","SEZWP","TOTAL-44","'2023-06-01","","","N","1","33GSPTN0482G1Z9","","","CLNAME","","33","","33","","","","","","37071000","","wheat","","KGS","10.000","1000.00","18.000","180.00","","","","","9.000","90.00","9.00","90.00","1360.00","N","O","","","","EYEV368470","2022-05-26","","",""
"","","","DP2","","EYP2","","P2","'102023","33GSPTN1235G1ZA","RNV","EXT","ABCUL-7","'2023-07-01","ABCUL-7","2023-07-01","N","23","33GSPTN0481G1ZA","","","","","","","07","","","","","","37071000","","","","NOS","","16938311.56","","","","","","","","","","","16938311.56","N","N","","","","","","","",""
"","","","DP2","","EYP2","","P2","'102023","33GSPTN1235G1ZA","RNV","NON","ABCUL-8","'2023-07-01","ABCUL-8","2023-07-01","N","22","33GSPTN0481G1ZA","","","","","","","07","","","","","","37071000","","","","NOS","","16938311.56","","","","","","","","","","","16938311.56","N","N","","","","","","","",""
"","","","DP2","","EYP2","","P2","'102023","33GSPTN1235G1ZA","RCR","DXP","ABCUL-10","'2023-07-01","ABCUL-10","2023-07-01","N","35","33GSPTN0481G1ZA","","","","","","","22","INABG1","himddd4","'2018-03-01","","","37071000","","","","NOS","","6000.00","18.000","1080.00","","","","","","","","","600000.00","N","N","","","","","","","",""
"","","","DP2","","EYP2","","P2","'102023","33GSPTN1235G1ZA","RDR","DTA","ABCUL-11","'2023-07-01","ABCUL-11","2023-07-01","N","34","33GSPTN0481G1ZA","","","","","","","22","INABG1","himddd3","'2018-03-01","","","37071000","","","","NOS","","6000.00","18.000","1080.00","","","","","","","","","600000.00","N","N","","","","","","","",""
"","","","DP2","","EYP2","","P2","'102023","33GSPTN1786G1ZA","RNV","EXT","AMITUL-7","'2023-07-01","AMITUL-7","2023-07-01","N","23","33GSPTN0481G1ZA","","","","","","","07","","","","","","37071000","","","","NOS","","16938311.56","","","","","","","","","","","16938311.56","N","N","","","","","","","",""
"","","","DP2","","EYP2","","P2","'102023","33GSPTN1786G1ZA","RNV","NON","AMITUL-8","'2023-07-01","AMITUL-8","2023-07-01","N","22","33GSPTN0481G1ZA","","","","","","","07","","","","","","37071000","","","","NOS","","16938311.56","","","","","","","","","","","16938311.56","N","N","","","","","","","",""
"","","","DP2","","EYP2","","P2","'102023","33GSPTN1786G1ZA","RCR","DXP","AMITUL-10","'2023-07-01","AMITUL-10","2023-07-01","N","35","33GSPTN0481G1ZA","","","","","","","22","INABG1","himddd4","'2018-03-01","","","37071000","","","","NOS","","6000.00","18.000","1080.00","","","","","","","","","600000.00","N","N","","","","","","","",""
"","","","DP2","","EYP2","","P2","'102023","33GSPTN1786G1ZA","RDR","DTA","AMITUL-11","'2023-07-01","AMITUL-11","2023-07-01","N","34","33GSPTN0481G1ZA","","","","","","","22","INABG1","himddd3","'2018-03-01","","","37071000","","","","NOS","","6000.00","18.000","1080.00","","","","","","","","","600000.00","N","N","","","","","","","",""
"","","","DP2","","EYP2","","P2","'102023","33GSPTN1786G1ZA","RCR","DXP","AUL-01","'2023-07-01","AUL-01","2023-07-01","N","35","33GSPTN0481G1ZA","","","","","","","22","INABG1","himddd4","'2018-03-01","","","37071000","","","","NOS","","600000.00","18.000","1080.00","","","","","","","","","300000.00","Y","N","","","","","","","",""
"","","","DP2","","EYP2","","P2","'102023","33GSPTN1786G1ZA","RDR","DTA","AUL-02","'2023-07-01","AUL-02","2023-07-01","N","34","33GSPTN0481G1ZA","","","","","","","22","INABG1","himddd3","'2018-03-01","","","37071000","","","","NOS","","600000.00","18.000","1080.00","","","","","","","","","300000.00","Y","N","","","","","","","",""
"FILE","FGR-22","GLAV","G1","FGR-55","PC11","PC21","G001","'022024","29AAAPH9357H000","INV","TAX","FB24-11","'2024-02-13","ERP-SCN1","2024-01-18","N","1","33GSPTN0481G1ZA","","","ESTUATE SOFTWARE TECHNOLOGIESA","ER-6767","33","33","29","INBLR4","4564566","'2024-01-18","567.45","8888.00","25232910","SD678","Electronics","SOD345","KGS","10.000","4200.00","0.000","0.00","9.000","378.00","9.000","378.00","1.000","42.00","2.00","84.00","5576.00","N","N","","T3","","FB24-11","2024-02-13","FGR UD1","FGR UD2","FGR UD3"
"FILE","FGR-22","GLAV","G1","FGR-55","PC11","PC21","G001","'022024","29AAAPH9357H000","INV","TAX","FB24-31","'2024-02-13","ERP-SCN1","2024-01-18","N","1","33GSPTN0481G1ZA","","","ESTUATE SOFTWARE TECHNOLOGIESA","ER-6767","33","33","29","INBLR4","4564566","'2024-01-18","567.45","8888.00","25232910","SD678","Electronics","SOD345","KGS","10.000","4200.00","0.000","0.00","9.000","378.00","9.000","378.00","1.000","42.00","2.00","84.00","5576.00","N","N","","T3","","FB24-31","2024-02-13","FGR UD1","FGR UD2","FGR UD3"
"FILE","FGR-22","GLAV","G1","FGR-55","PC11","PC21","G001","'022024","29AAAPH9357H000","INV","TAX","FB24-32","'2024-02-13","ERP-SCN1","2024-01-18","N","1","33GSPTN0481G1ZA","","","ESTUATE SOFTWARE TECHNOLOGIESA","ER-6767","33","33","29","INBLR4","4564566","'2024-01-18","567.45","8888.00","25232910","SD678","Electronics","SOD345","KGS","10.000","4200.00","0.000","0.00","9.000","378.00","9.000","378.00","1.000","42.00","2.00","84.00","5576.00","N","N","","T3","","FB24-32","2024-02-13","FGR UD1","FGR UD2","FGR UD3"
"FILE","FGR-22","GLAV","G1","FGR-55","PC11","PC21","G001","'022024","29AAAPH9357H000","INV","TAX","PAT/VALID-1","'2024-02-29","ERP-SCN1","2023-06-26","N","000001","33GSPTN0481G1ZA","","","ESTUATE SOFTWARE TECHNOLOGIESA","ER-6767","33","33","33","INBLR4","4564566","'2022-01-18","567.45","8888.00","25232910","SD678","Electronics","SOD345","NOS","1000.000","152000.00","12.000","18240.00","0.000","0.00","0.000","0.00","0.000","0.00","","0.00","170240.00","N","N","","T3","","PAT/VALID-1","2024-02-29","FGR UD1","FGR UD2","FGR UD3"
"FILE","FGR-22","GLAV","G1","FGR-55","PC11","PC21","G001","'022024","29AAAPH9357H000","INV","TAX","PAT/VALID-2","'2024-02-29","ERP-SCN1","2023-06-26","N","000001","33GSPTN0481G1ZA","","","ESTUATE SOFTWARE TECHNOLOGIESA","ER-6767","33","33","33","INBLR4","4564566","'2022-01-18","567.45","8888.00","25232910","SD678","Electronics","SOD345","NOS","1000.000","152000.00","12.000","18240.00","0.000","0.00","0.000","0.00","0.000","0.00","","0.00","170240.00","N","N","","T3","","PAT/VALID-2","2024-02-29","FGR UD1","FGR UD2","FGR UD3"
"FILE","FGR-22","GLAV","G1","FGR-55","PC11","PC21","G001","'022024","29AAAPH9357H000","INV","TAX","PAT/VALID-3","'2024-02-29","ERP-SCN1","2023-06-26","N","000001","33GSPTN0481G1ZA","","","ESTUATE SOFTWARE TECHNOLOGIESA","ER-6767","33","33","33","INBLR4","4564566","'2022-01-18","567.45","8888.00","25232910","SD678","Electronics","SOD345","NOS","1000.000","152000.00","12.000","18240.00","0.000","0.00","0.000","0.00","0.000","0.00","","0.00","170240.00","N","N","","T3","","PAT/VALID-3","2024-02-29","FGR UD1","FGR UD2","FGR UD3"
"FILE","FGR-22","GLAV","G1","FGR-55","PC11","PC21","G001","'022024","29AAAPH9357H000","INV","TAX","PAT/VALID-4","'2024-02-29","ERP-SCN1","2023-06-26","N","000001","33GSPTN0481G1ZA","","","ESTUATE SOFTWARE TECHNOLOGIESA","ER-6767","33","33","33","INBLR4","4564566","'2022-01-18","567.45","8888.00","25232910","SD678","Electronics","SOD345","NOS","1000.000","152000.00","12.000","18240.00","0.000","0.00","0.000","0.00","0.000","0.00","","0.00","170240.00","N","N","","T3","","PAT/VALID-4","2024-02-29","FGR UD1","FGR UD2","FGR UD3"
"","","","","","","","G001","'012024","01GSPTN1786G1ZA","INV","TAX","FAILED-001","'2023-01-10","","","N","1","33GSPTN0482G1Z9","","","CLNAME","","33","13","29","","","","","","37071000","","wheat","","KGS","10.000","80000.00","18.000","5000.00","","","","","","600.00","","600.00","55000.00","N","N","","","","FAILED-001","2021-08-10","","",""
"","","","","","","","G001","'012024","01GSPTN1786G1ZA","INV","TAX","FAILED-003","'2023-01-10","","","N","1","33GSPTN0482G1Z9","","","CLNAME","","33","13","29","","","","","","37071000","","wheat","","KGS","10.000","80000.00","18.000","5000.00","","","","","","600.00","","600.00","55000.00","N","N","","","","FAILED-003","2021-08-10","","",""
"","","","","","","","G001","'012024","01GSPTN1786G1ZA","INV","TAX","FAILED-005","'2023-01-10","","","N","1","33GSPTN0482G1Z9","","","CLNAME","","33","13","29","","","","","","37071000","","wheat","","KGS","10.000","80000.00","18.000","5000.00","","","","","","600.00","","600.00","55000.00","N","N","","","","FAILED-005","2021-08-10","","",""
"","","","","","","","G001","'012024","01GSPTN1786G1ZA","INV","TAX","FAILED-007","'2023-01-10","","","N","1","33GSPTN0482G1Z9","","","CLNAME","","33","13","29","","","","","","37071000","","wheat","","KGS","10.000","80000.00","18.000","5000.00","","","","","","600.00","","600.00","55000.00","N","N","","","","FAILED-007","2021-08-10","","",""
"","","","","","","","G001","'012024","01GSPTN1786G1ZA","INV","TAX","FAILED-009","'2023-01-10","","","N","1","33GSPTN0482G1Z9","","","CLNAME","","33","13","29","","","","","","37071000","","wheat","","KGS","10.000","80000.00","18.000","6000.00","","","","","","600.00","","600.00","55000.00","N","N","","","","FAILED-009","2021-08-10","","",""
"","","","","","","","G001","'012024","01GSPTN1786G1ZA","CR","TAX","FAILED-011","'2023-01-10","","","N","1","33GSPTN0482G1Z9","","","CLNAME","","33","13","29","","","","","","37071000","","wheat","","KGS","10.000","80000.00","18.000","9000.00","","","","","","600.00","","600.00","55000.00","N","N","","","","FAILED-011","2021-08-10","","",""
"","","","","","","","G001","'012024","01GSPTN1786G1ZA","INV","TAX","FAILED-013","'2023-01-10","","","N","1","33GSPTN0482G1Z9","","","CLNAME","","33","13","29","","","","","","37071000","","wheat","","KGS","10.000","80000.00","18.000","6000.00","","","","","","600.00","","600.00","55000.00","N","N","","","","FAILED-013","2021-08-10","","",""
"","","","","","","","G001","'012024","01GSPTN1786G1ZA","INV","TAX","FAILED-017","'2023-01-10","","","N","1","33GSPTN0482G1Z9","","","CLNAME","","33","13","29","","","","","","37071000","","wheat","","KGS","10.000","80000.00","18.000","6000.00","","","","","","600.00","","600.00","55000.00","N","N","","","","FAILED-017","2021-08-10","","",""
"","","","","","","","G001","'012024","01GSPTN1786G1ZA","INV","TAX","FAILED/11-101","'2023-01-10","","","N","1","33GSPTN0482G1Z9","","","CLNAME","","33","13","29","","","","","","37071000","","wheat","","KGS","10.000","80000.00","18.000","6000.00","","","","","","600.00","","600.00","55000.00","N","N","","","","FAILED/11-101","2021-07-10","","",""
"","","","","","","","G001","'012024","01GSPTN1786G1ZA","INV","TAX","FAILED-025","'2023-01-10","","","N","1","33GSPTN0482G1Z9","","","CLNAME","","33","13","29","","","","","","37071000","","wheat","","KGS","10.000","80000.00","18.000","6000.00","","","","","","600.00","","600.00","55000.00","N","N","","","","FAILED-025","2021-08-10","","",""
"","","","","","","","G001","'012024","01GSPTN1786G1ZA","INV","TAX","FAILED-00712","'2023-01-10","","","N","1","33GSPTN0482G1Z9","","","CLNAME","","33","13","29","","","","","","37071000","","wheat","","KGS","10.000","80000.00","18.000","6000.00","","","","","","600.00","","600.00","55000.00","N","N","","","","FAILED-00712","2021-08-10","","",""
"","","","","","","","G001","'012024","01GSPTN1786G1ZA","INV","TAX","FAILED-015","'2023-01-10","","","N","1","33GSPTN0482G1Z9","","","CLNAME","","33","13","29","","","","","","37071000","","wheat","","KGS","10.000","80000.00","18.000","6000.00","","","","","","600.00","","600.00","55000.00","N","N","","","","FAILED-015","2021-08-10","","",""
"","","","","","","","G001","'012024","01GSPTN1786G1ZA","INV","TAX","FAILED-021","'2023-01-10","","","N","1","33GSPTN0482G1Z9","","","CLNAME","","33","13","29","","","","","","37071000","","wheat","","KGS","10.000","80000.00","18.000","6000.00","","","","","","600.00","","600.00","55000.00","N","N","","","","FAILED-021","2021-08-10","","",""
"","","","","","","","G001","'012024","01GSPTN1786G1ZA","INV","TAX","FAILED-022","'2023-01-10","","","N","1","33GSPTN0482G1Z9","","","CLNAME","","33","13","29","","","","","","37071000","","wheat","","KGS","10.000","80000.00","18.000","6000.00","","","","","","600.00","","600.00","55000.00","N","N","","","","FAILED-022","2021-08-10","","",""
"","","","","","","","G001","'012024","01GSPTN1786G1ZA","CR","TAX","FAILED-035","'2023-01-10","","","N","1","33GSPTN0482G1Z9","","","CLNAME","","33","13","29","","","","","","37071000","","wheat","","KGS","10.000","80000.00","18.000","6000.00","","","","","","600.00","","600.00","55000.00","N","N","","","","FAILED-035","2021-08-10","","",""
"","","","","","","","G001","'012024","01GSPTN1786G1ZA","INV","TAX","FAILED-036","'2023-01-10","","","N","1","33GSPTN0482G1Z9","","","CLNAME","","33","13","29","","","","","","37071000","","wheat","","KGS","10.000","80000.00","18.000","6000.00","","","","","","700.00","","700.00","55000.00","N","N","","","","FAILED-036","2021-08-10","","",""
"","","","","","","","G001","'012024","01GSPTN1786G1ZA","INV","TAX","FAILED-037","'2023-01-10","","","N","1","33GSPTN0482G1Z9","","","CLNAME","","33","13","29","","","","","","37071000","","wheat","","KGS","10.000","80000.00","18.000","6000.00","","","","","","600.00","","600.00","55000.00","N","N","","","","FAILED-037","2021-08-10","","",""
"","","","","","","","G001","'012024","01GSPTN1786G1ZA","CR","TAX","FAILED-038","'2023-01-10","","","N","1","33GSPTN0482G1Z9","","","CLNAME","","33","13","29","","","","","","37071000","","wheat","","KGS","10.000","80000.00","18.000","6000.00","","","","","","600.00","","600.00","55000.00","N","N","","","","FAILED-035","2021-08-10","","",""
"FILE","FGR-22","GLAV","DV1","FGR-55","PC11","PC21","G003","'032024","29AAAPH9357H000","INV","TAX","EWBEXT009","'2024-03-19","4569881","2022-04-04","N","000001","33GSPTN0481G1ZA","","","ESTUATE SOFTWARE TECHNOLOGIESA","ER-6767","33","33","33","INBLR4","4564566","'2022-01-18","567.45","8888.00","25232910","SD678","Electronics","SOD345","NOS","1000.000","152000.00","12.000","18240.00","0.000","0.00","0.000","0.00","0.000","0.00","","0.00","170239.00","N","N","","T3","","EWBEXT009","2024-03-19","FGR UD1","FGR UD2","FGR UD3"
"","","","","","","","G001","'032024","33GSPTN0481G1ZA","INV","DTA","INVPROD-1","'2022-02-01","DASHALL-1","2022-02-01","N","123","33GSPTN0482G1Z9","","","ABC Company","","33","","33","","","","","","37071000","","Automobile","","NOS","1.000","1000.00","18.000","180.00","","","","","","","","","1000.00","N","Y","32AAICA3918J1C2","","","DASHALL-1","2022-02-01","","",""
"","","","","","","","G001","'122023","22GSPTN1786G1ZA","INV","TAX","ER24-01","'2023-01-10","","","N","1","33GSPTN0482G1Z9","","","CLNAME","","33","13","29","","","","","","37071000","","wheat","","KGS","10.000","80000.00","18.000","5000.00","","","","","","600.00","","600.00","55000.00","N","N","","","","ER24-01","2021-08-10","","",""
"","","","","","","","G001","'122023","22GSPTN1786G1ZA","INV","TAX","ER24-02","'2023-01-10","","","N","1","33GSPTN0482G1Z9","","","CLNAME","","33","13","29","","","","","","37071000","","wheat","","KGS","10.000","80000.00","18.000","5000.00","","","","","","600.00","","600.00","55000.00","N","N","","","","ER24-02","2021-08-10","","",""
"","","","","","","","G001","'122023","22GSPTN1786G1ZA","INV","TAX","ER24-05","'2023-01-10","","","N","1","33GSPTN0482G1Z9","","","CLNAME","","33","13","29","","","","","","37071000","","wheat","","KGS","10.000","80000.00","18.000","5000.00","","","","","","600.00","","600.00","55000.00","N","N","","","","ER24-05","2021-08-10","","",""
"","","","","","","","G001","'122023","22GSPTN1786G1ZA","INV","TAX","ER24-06","'2023-01-10","","","N","1","33GSPTN0482G1Z9","","","CLNAME","","33","13","29","","","","","","37071000","","wheat","","KGS","10.000","80000.00","18.000","5000.00","","","","","","600.00","","600.00","55000.00","N","N","","","","ER24-06","2021-08-10","","",""
"","","","","","","","G001","'122023","22GSPTN1786G1ZA","INV","TAX","ER24-11","'2023-01-10","","","N","1","33GSPTN0482G1Z9","","","CLNAME","","33","13","29","","","","","","37071000","","wheat","","KGS","10.000","80000.00","18.000","5000.00","","","","","","600.00","","600.00","55000.00","N","N","","","","ER24-11","2021-08-10","","",""
"","","","","","","","G001","'122023","22GSPTN1786G1ZA","INV","TAX","ER24-12","'2023-01-10","","","N","1","33GSPTN0482G1Z9","","","CLNAME","","33","13","29","","","","","","37071000","","wheat","","KGS","10.000","80000.00","18.000","5000.00","","","","","","600.00","","600.00","55000.00","N","N","","","","ER24-12","2021-08-10","","",""
"","","","","","","","G001","'122023","22GSPTN1786G1ZA","INV","TAX","ER24-18","'2023-01-10","","","N","1","33GSPTN0482G1Z9","","","CLNAME","","33","13","29","","","","","","37071000","","wheat","","KGS","10.000","80000.00","18.000","5000.00","","","","","","600.00","","600.00","55000.00","N","N","","","","ER24-18","2021-08-10","","",""
"","","","","","","","G001","'122023","22GSPTN1786G1ZA","INV","TAX","ER24-17","'2023-01-10","","","N","1","33GSPTN0482G1Z9","","","CLNAME","","33","13","29","","","","","","37071000","","wheat","","KGS","10.000","80000.00","18.000","5000.00","","","","","","600.00","","600.00","55000.00","N","N","","","","ER24-17","2021-08-10","","",""
"","","","","","","","G001","'122023","22GSPTN1786G1ZA","INV","TAX","ER24-19","'2023-01-10","","","N","1","33GSPTN0482G1Z9","","","CLNAME","","33","13","29","","","","","","37071000","","wheat","","KGS","10.000","80000.00","18.000","5000.00","","","","","","600.00","","600.00","55000.00","N","N","","","","ER24-19","2021-08-10","","",""
"","","","","","","","G001","'122023","22GSPTN1786G1ZA","INV","TAX","ER24-20","'2023-01-10","","","N","1","33GSPTN0482G1Z9","","","CLNAME","","33","13","29","","","","","","37071000","","wheat","","KGS","10.000","80000.00","18.000","5000.00","","","","","","600.00","","600.00","55000.00","N","N","","","","ER24-20","2021-08-10","","",""
"","","","","","","","G001","'122023","22GSPTN1786G1ZA","INV","TAX","ER24-25","'2023-01-10","","","N","1","33GSPTN0482G1Z9","","","CLNAME","","33","13","29","","","","","","37071000","","wheat","","KGS","10.000","80000.00","18.000","5000.00","","","","","","600.00","","600.00","55000.00","N","N","","","","ER24-25","2021-08-10","","",""
"","","","","","","","G001","'122023","22GSPTN1786G1ZA","INV","TAX","ER24-26","'2023-01-10","","","N","1","33GSPTN0482G1Z9","","","CLNAME","","33","13","29","","","","","","37071000","","wheat","","KGS","10.000","80000.00","18.000","5000.00","","","","","","600.00","","600.00","55000.00","N","N","","","","ER24-26","2021-08-10","","",""
"","","","","","","","G001","'122023","22GSPTN1786G1ZA","INV","TAX","ER24-29","'2023-01-10","","","N","1","33GSPTN0482G1Z9","","","CLNAME","","33","13","29","","","","","","37071000","","wheat","","KGS","10.000","80000.00","18.000","5000.00","","","","","","600.00","","600.00","55000.00","N","N","","","","ER24-29","0204-02-08","","",""
"","","","","","","","G001","'122023","22GSPTN1786G1ZA","INV","TAX","ER24-30","'2023-01-10","","","N","1","33GSPTN0482G1Z9","","","CLNAME","","33","13","29","","","","","","37071000","","wheat","","KGS","10.000","80000.00","18.000","5000.00","","","","","","600.00","","600.00","55000.00","N","N","","","","ER24-30","1122-02-01","","",""
"","","","","","","","G001","'122023","22GSPTN1786G1ZA","INV","TAX","ER24-15","'2023-01-10","","0204-02-08","N","1","33GSPTN0482G1Z9","","","CLNAME","","33","13","29","","","","","","37071000","","wheat","","KGS","10.000","80000.00","18.000","5000.00","","","","","","600.00","","600.00","55000.00","N","N","","","","ER24-15","2021-08-10","","",""
"","","","","","","","G001","'122023","22GSPTN1786G1ZA","INV","TAX","ER24-16","'2023-01-10","","1122-02-01","N","1","33GSPTN0482G1Z9","","","CLNAME","","33","13","29","","","","","","37071000","","wheat","","KGS","10.000","80000.00","18.000","5000.00","","","","","","600.00","","600.00","55000.00","N","N","","","","ER24-16","2021-08-10","","",""
"","","","","","","","G001","'122023","22GSPTN1786G1ZA","INV","TAX","ER24-07","'2023-01-10","","","N","1","33GSPTN0482G1Z9","","","CLNAME","","33","13","29","","","","","","37071000","","wheat","","KGS","10.000","80000.00","18.000","5000.00","","","","","","600.00","","600.00","55000.00","N","N","","","","ER24-07","2021-08-10","","",""
"","","","","","","","G001","'122023","22GSPTN1786G1ZA","INV","TAX","ER24-08","'2023-01-10","","","N","1","33GSPTN0482G1Z9","","","CLNAME","","33","13","29","","","","","","37071000","","wheat","","KGS","10.000","80000.00","18.000","5000.00","","","","","","600.00","","600.00","55000.00","N","N","","","","ER24-08","2021-08-10","","",""
"","","","","","","","G001","'122023","22GSPTN1786G1ZA","INV","TAX","ER24-09","'2023-01-10","","","N","1","33GSPTN0482G1Z9","","","CLNAME","","33","13","29","","","'0204-02-08","","","37071000","","wheat","","KGS","10.000","80000.00","18.000","5000.00","","","","","","600.00","","600.00","55000.00","N","N","","","","ER24-09","2021-08-10","","",""
"","","","","","","","G001","'122023","22GSPTN1786G1ZA","INV","TAX","ER24-10","'2023-01-10","","","N","1","33GSPTN0482G1Z9","","","CLNAME","","33","13","29","","","'1122-02-01","","","37071000","","wheat","","KGS","10.000","80000.00","18.000","5000.00","","","","","","600.00","","600.00","55000.00","N","N","","","","ER24-10","2021-08-10","","",""
"","","","","","","","G001","'122023","22GSPTN1786G1ZA","INV","TAX","ER24-14","'2023-01-10","","","N","1","33GSPTN0482G1Z9","","","CLNAME","","33","13","29","","","","","","37071000","","wheat","","KGS","10.000","80000.00","18.000","5000.00","","","","","","600.00","","600.00","55000.00","N","N","","","","ER24-14","2021-08-10","","",""
"","","","","","","","G001","'122023","22GSPTN1786G1ZA","INV","TAX","ER24-13","'2023-01-10","","","N","1","33GSPTN0482G1Z9","","","CLNAME","","33","13","29","","","","","","37071000","","wheat","","KGS","10.000","80000.00","18.000","5000.00","","","","","","600.00","","600.00","55000.00","N","N","","","","ER24-13","2021-08-10","","",""
"","","","","","","","G001","'122023","22GSPTN1786G1ZA","INV","TAX","ER24-21","'2023-01-10","","","N","1","33GSPTN0482G1Z9","","","CLNAME","","33","13","29","","","","","","37071000","","wheat","","KGS","10.000","80000.00","18.000","5000.00","","","","","","600.00","","600.00","55000.00","N","N","","","","ER24-21","2021-08-10","","",""
"","","","","","","","G001","'122023","22GSPTN1786G1ZA","INV","TAX","ER24-22","'2023-01-10","","","N","1","33GSPTN0482G1Z9","","","CLNAME","","33","13","29","","","","","","37071000","","wheat","","KGS","10.000","80000.00","18.000","5000.00","","","","","","600.00","","600.00","55000.00","N","N","","","","ER24-22","2021-08-10","","",""
"","","","","","","","G001","'122023","22GSPTN1786G1ZA","INV","TAX","ER24-23","'2023-01-10","","","N","1","33GSPTN0482G1Z9","","","CLNAME","","33","13","29","","","","","","37071000","","wheat","","KGS","10.000","80000.00","18.000","5000.00","","","","","","600.00","","600.00","55000.00","N","N","","","","ER24-23","2021-08-10","","",""
"","","","","","","","G001","'122023","22GSPTN1786G1ZA","INV","TAX","ER24-24","'2023-01-10","","","N","1","33GSPTN0482G1Z9","","","CLNAME","","33","13","29","","","","","","37071000","","wheat","","KGS","10.000","80000.00","18.000","5000.00","","","","","","600.00","","600.00","55000.00","N","N","","","","ER24-24","2021-08-10","","",""
"","","","","","","","G001","'122023","22GSPTN1786G1ZA","INV","TAX","ER24-27","'2023-01-10","","","N","1","33GSPTN0482G1Z9","","","CLNAME","","33","13","29","","","","","","37071000","","wheat","","KGS","10.000","80000.00","18.000","5000.00","","","","","","600.00","","600.00","55000.00","N","N","","","","ER24-27","2021-08-10","","",""
"","","","","","","","G001","'122023","22GSPTN1786G1ZA","INV","TAX","ER24-28","'2023-01-10","","","N","1","33GSPTN0482G1Z9","","","CLNAME","","33","13","29","","","","","","37071000","","wheat","","KGS","10.000","80000.00","18.000","5000.00","","","","","","600.00","","600.00","55000.00","N","N","","","","ER24-28","2021-08-10","","",""
"","","","","","","","G001","'042024","33GSPTN0481G1ZA","INV","TAX","AJ29-001","'2023-01-10","","","N","1","33GSPTN0482G1Z9","","","CLNAME","","33","13","29","","","","","","37071000","","wheat","","KGS","10.000","90000.00","18.000","6000.00","","","","","","600.00","","600.00","55000.00","N","N","","","","NOV21-001","2021-08-10","","",""
"","","","","","","","G001","'042024","33GSPTN0481G1ZA","INV","TAX","AJ29-002","'2023-01-10","","","N","1","33GSPTN0482G1Z9","","","CLNAME","","33","13","29","","","","","","37071000","","wheat","","KGS","10.000","90000.00","18.000","6000.00","","","","","","600.00","","600.00","55000.00","N","N","","","","NOV21-001","2021-08-10","","",""
"","","","","","","","G001","'032024","33GSPTN0482G1Z9","INV","TAX","B2BAJI-11","'2024-01-01","","","N","123","33GSPTN0481G1ZA","","","ABC Company","","33","","32","","","","","","37071000","","Automobile","","NOS","1.000","1000.00","18.000","180.00","","","","","12.000","120.00","","","1000.00","N","N","","","","B2BA-1","2024-01-01","","",""
"","","","","","","","G001","'032024","33GSPTN0482G1Z9","INV","TAX","B2BAJI-12","'2024-01-01","","","N","123","33GSPTN0481G1ZA","","","ABC Company","","33","","32","","","","","","37071000","","Automobile","","NOS","1.000","2000.00","18.000","360.00","","","","","12.000","240.00","","","1000.00","N","N","","","","B2BA-2","2024-01-01","","",""
"","","","","","","","G001","'042024","33GSPTN0482G1Z9","INV","TAX","2TEST-HSN1","'2024-01-10","","","N","1","33GSPTN0481G1ZA","","","CLNAME","","33","13","29","","","","","","37071000","","wheat","","KGS","10.000","80000.00","18.000","14400.00","","","","","","600.00","","600.00","55000.00","N","N","","","","FAILED-001","2021-08-10","","",""
"","","","","","","","G001","'042024","33GSPTN0482G1Z9","INV","TAX","2TEST-HSN3","'2024-01-10","","","N","1","33GSPTN0481G1ZA","","","CLNAME","","33","13","29","","","","","","37071000","","wheat","","KGS","30.000","90000.00","18.000","16200.00","","","","","","550.00","","550.00","55000.00","Y","N","","","","FAILED-001","2021-08-10","","",""
"","","","","","","","G001","'042024","33GSPTN0482G1Z9","INV","TAX","2TEST-HSN5","'2024-01-10","","","N","1","33GSPTN0481G1ZA","","","CLNAME","","33","13","29","","","","","","37071000","","wheat","","KGS","50.000","0.00","","0.00","","0.00","","0.00","","0.00","","0.00","0.00","N","N","","","","FAILED-001","2021-08-10","","",""
"","","","","","","","G001","'042024","33GSPTN0482G1Z9","INV","TAX","2TEST-HSN6","'2024-01-10","","","N","1","33GSPTN0481G1ZA","","","CLNAME","","33","13","33","","","","","","37071000","","wheat","","KGS","60.000","0.00","","0.00","","0.00","","0.00","","0.00","","0.00","0.00","N","N","","","","FAILED-003","2021-08-10","","",""
"","","","","","","","G001","'042024","33GSPTN0482G1Z9","INV","TAX","2TEST-HSN7","'2024-01-10","","","N","1","33GSPTN0481G1ZA","","","CLNAME","","33","13","29","","","","","","37071000","","wheat","","KGS","0.000","0.00","","0.00","","0.00","","0.00","","0.00","","0.00","0.00","N","N","","","","FAILED-001","2021-08-10","","",""
"","","","","","","","G001","'042024","33GSPTN0482G1Z9","INV","TAX","2TEST-HSN8","'2024-01-10","","","N","1","33GSPTN0481G1ZA","","","CLNAME","","33","13","33","","","","","","37071000","","wheat","","KGS","0.000","0.00","","0.00","","0.00","","0.00","","0.00","","0.00","0.00","N","N","","","","FAILED-003","2021-08-10","","",""
"","","","","","","","G001","'042024","33GSPTN0482G1Z9","INV","TAX","2TEST-HSN9","'2024-01-10","","","N","1","33GSPTN0481G1ZA","","","CLNAME","","33","13","29","","","","","","37071000","","wheat","","KGS","0.000","0.00","","200.00","","0.00","","0.00","","0.00","","0.00","100.00","N","N","","","","FAILED-001","2021-08-10","","",""
"","","","","","","","G001","'042024","33GSPTN0482G1Z9","CR","TAX","2TEST-HSN11","'2024-01-10","","","N","1","33GSPTN0481G1ZA","","","CLNAME","","33","13","29","","","","","","25232910","","wheat","","KGS","110.000","10000.00","18.000","1800.00","","","","","","200.00","","200.00","55000.00","N","N","","","","FAILED-001","2021-08-10","","",""
"","","","","","","","G001","'042024","33GSPTN0482G1Z9","CR","TAX","2TEST-HSN13","'2024-01-10","","","N","1","33GSPTN0481G1ZA","","","CLNAME","","33","13","29","","","","","","25232910","","wheat","","KGS","130.000","10000.00","18.000","1800.00","","","","","","200.00","","200.00","55000.00","Y","N","","","","FAILED-001","2021-08-10","","",""
"","","","","","","","G001","'042024","33GSPTN0482G1Z9","CR","TAX","2TEST-HSN15","'2024-01-10","","","N","1","33GSPTN0481G1ZA","","","CLNAME","","33","13","29","","","","","","25232910","","wheat","","KGS","150.000","0.00","","0.00","","0.00","","0.00","","0.00","","0.00","0.00","N","N","","","","FAILED-001","2021-08-10","","",""
"","","","","","","","G001","'042024","33GSPTN0482G1Z9","CR","TAX","2TEST-HSN16","'2024-01-10","","","N","1","33GSPTN0481G1ZA","","","CLNAME","","33","13","33","","","","","","25232910","","wheat","","KGS","160.000","0.00","","0.00","","0.00","","0.00","","0.00","","0.00","0.00","N","N","","","","FAILED-003","2021-08-10","","",""
"","","","","","","","G001","'042024","33GSPTN0482G1Z9","CR","TAX","2TEST-HSN17","'2024-01-10","","","N","1","33GSPTN0481G1ZA","","","CLNAME","","33","13","29","","","","","","25232910","","wheat","","KGS","0.000","0.00","","0.00","","0.00","","0.00","","0.00","","0.00","0.00","N","N","","","","FAILED-001","2021-08-10","","",""
"","","","","","","","G001","'042024","33GSPTN0482G1Z9","CR","TAX","2TEST-HSN18","'2024-01-10","","","N","1","33GSPTN0481G1ZA","","","CLNAME","","33","13","33","","","","","","25232910","","wheat","","KGS","0.000","0.00","","0.00","","0.00","","0.00","","0.00","","0.00","0.00","N","N","","","","FAILED-003","2021-08-10","","",""
"","","","","","","","G001","'042024","33GSPTN0482G1Z9","CR","TAX","2TEST-HSN19","'2024-01-10","","","N","1","33GSPTN0481G1ZA","","","CLNAME","","33","13","29","","","","","","25232910","","wheat","","KGS","0.000","0.00","","100.00","","0.00","","0.00","","0.00","","0.00","100.00","N","N","","","","FAILED-001","2021-08-10","","",""
"","","","","","","","G001","'042024","33GSPTN0482G1Z9","DR","TAX","2TEST-HSN21","'2024-01-10","","","N","1","33GSPTN0481G1ZA","","","CLNAME","","33","13","29","","","","","","37071000","","wheat","","KGS","210.000","80000.00","18.000","14400.00","","","","","","600.00","","600.00","55000.00","N","N","","","","FAILED-001","2021-08-10","","",""
"","","","","","","","G001","'042024","33GSPTN0482G1Z9","DR","TAX","2TEST-HSN23","'2024-01-10","","","N","1","33GSPTN0481G1ZA","","","CLNAME","","33","13","29","","","","","","37071000","","wheat","","KGS","230.000","100000.00","18.000","18000.00","","","","","","670.00","","670.00","55000.00","Y","N","","","","FAILED-001","2021-08-10","","",""
"","","","","","","","G001","'042024","33GSPTN0482G1Z9","DR","TAX","2TEST-HSN25","'2024-01-10","","","N","1","33GSPTN0481G1ZA","","","CLNAME","","33","13","29","","","","","","37071000","","wheat","","KGS","250.000","0.00","","0.00","","0.00","","0.00","","0.00","","0.00","0.00","N","N","","","","FAILED-001","2021-08-10","","",""
"","","","","","","","G001","'042024","33GSPTN0482G1Z9","DR","TAX","2TEST-HSN26","'2024-01-10","","","N","1","33GSPTN0481G1ZA","","","CLNAME","","33","13","33","","","","","","37071000","","wheat","","KGS","260.000","0.00","","0.00","","0.00","","0.00","","0.00","","0.00","0.00","N","N","","","","FAILED-003","2021-08-10","","",""
"","","","","","","","G001","'042024","33GSPTN0482G1Z9","DR","TAX","2TEST-HSN27","'2024-01-10","","","N","1","33GSPTN0481G1ZA","","","CLNAME","","33","13","29","","","","","","37071000","","wheat","","KGS","0.000","0.00","","0.00","","0.00","","0.00","","0.00","","0.00","0.00","N","N","","","","FAILED-001","2021-08-10","","",""
"","","","","","","","G001","'042024","33GSPTN0482G1Z9","DR","TAX","2TEST-HSN28","'2024-01-10","","","N","1","33GSPTN0481G1ZA","","","CLNAME","","33","13","33","","","","","","37071000","","wheat","","KGS","0.000","0.00","","0.00","","0.00","","0.00","","0.00","","0.00","0.00","N","N","","","","FAILED-003","2021-08-10","","",""
"","","","","","","","G001","'042024","33GSPTN0482G1Z9","DR","TAX","2TEST-HSN29","'2024-01-10","","","N","1","33GSPTN0481G1ZA","","","CLNAME","","33","13","29","","","","","","37071000","","wheat","","KGS","0.000","0.00","","300.00","","0.00","","0.00","","0.00","","0.00","100.00","N","N","","","","FAILED-001","2021-08-10","","",""
"","","","","","","","G001","'052024","33GSPTN0481G1ZA","INV","TAX","2TEST-HSN1","'2024-01-10","","","N","1","33GSPTN0482G1Z9","","","CLNAME","","33","13","29","","","","","","37071000","","wheat","","KGS","10.000","80000.00","18.000","14400.00","","","","","","600.00","","600.00","55000.00","N","N","","","","FAILED-001","2021-08-10","","",""
"","","","","","","","G001","'052024","33GSPTN0481G1ZA","INV","TAX","2TEST-HSN2","'2024-01-10","","","N","1","33GSPTN0482G1Z9","","","CLNAME","","33","13","33","","","","","","37071000","","wheat","","KGS","20.000","80000.00","","","9.000","7200.00","9.000","7200.00","","600.00","","600.00","55000.00","N","N","","","","FAILED-003","2021-08-10","","",""
"","","","","","","","G001","'052024","33GSPTN0481G1ZA","INV","TAX","2TEST-HSN3","'2024-01-10","","","N","1","33GSPTN0482G1Z9","","","CLNAME","","33","13","29","","","","","","37071000","","wheat","","KGS","30.000","90000.00","18.000","16200.00","","","","","","550.00","","550.00","55000.00","Y","N","","","","FAILED-001","2021-08-10","","",""
"","","","","","","","G001","'052024","33GSPTN0481G1ZA","INV","TAX","2TEST-HSN4","'2024-01-10","","","N","1","33GSPTN0482G1Z9","","","CLNAME","","33","13","33","","","","","","37071000","","wheat","","KGS","40.000","90000.00","","","9.000","8100.00","9.000","8100.00","","570.00","","570.00","55000.00","Y","N","","","","FAILED-003","2021-08-10","","",""
"","","","","","","","G001","'052024","33GSPTN0481G1ZA","INV","TAX","2TEST-HSN5","'2024-01-10","","","N","1","33GSPTN0482G1Z9","","","CLNAME","","33","13","29","","","","","","37071000","","wheat","","KGS","50.000","0.00","","0.00","","0.00","","0.00","","0.00","","0.00","0.00","N","N","","","","FAILED-001","2021-08-10","","",""
"","","","","","","","G001","'052024","33GSPTN0481G1ZA","INV","TAX","2TEST-HSN6","'2024-01-10","","","N","1","33GSPTN0482G1Z9","","","CLNAME","","33","13","33","","","","","","37071000","","wheat","","KGS","60.000","0.00","","0.00","","0.00","","0.00","","0.00","","0.00","0.00","N","N","","","","FAILED-003","2021-08-10","","",""
"","","","","","","","G001","'052024","33GSPTN0481G1ZA","INV","TAX","2TEST-HSN7","'2024-01-10","","","N","1","33GSPTN0482G1Z9","","","CLNAME","","33","13","29","","","","","","37071000","","wheat","","KGS","0.000","0.00","","0.00","","0.00","","0.00","","0.00","","0.00","0.00","N","N","","","","FAILED-001","2021-08-10","","",""
"","","","","","","","G001","'052024","33GSPTN0481G1ZA","INV","TAX","2TEST-HSN8","'2024-01-10","","","N","1","33GSPTN0482G1Z9","","","CLNAME","","33","13","33","","","","","","37071000","","wheat","","KGS","0.000","0.00","","0.00","","0.00","","0.00","","0.00","","0.00","0.00","N","N","","","","FAILED-003","2021-08-10","","",""
"","","","","","","","G001","'052024","33GSPTN0481G1ZA","INV","TAX","2TEST-HSN9","'2024-01-10","","","N","1","33GSPTN0482G1Z9","","","CLNAME","","33","13","29","","","","","","37071000","","wheat","","KGS","0.000","0.00","","200.00","","0.00","","0.00","","0.00","","0.00","100.00","N","N","","","","FAILED-001","2021-08-10","","",""
"","","","","","","","G001","'052024","33GSPTN0481G1ZA","INV","TAX","2TEST-HSN10","'2024-01-10","","","N","1","33GSPTN0482G1Z9","","","CLNAME","","33","13","33","","","","","","37071000","","wheat","","KGS","0.000","0.00","","0.00","","220.00","","220.00","","0.00","","0.00","100.00","N","N","","","","FAILED-003","2021-08-10","","",""
"","","","","","","","G001","'052024","33GSPTN0481G1ZA","CR","TAX","2TEST-HSN11","'2024-01-10","","","N","1","33GSPTN0482G1Z9","","","CLNAME","","33","13","29","","","","","","25232910","","wheat","","KGS","110.000","10000.00","18.000","1800.00","","","","","","200.00","","200.00","55000.00","N","N","","","","FAILED-001","2021-08-10","","",""
"","","","","","","","G001","'052024","33GSPTN0481G1ZA","CR","TAX","2TEST-HSN12","'2024-01-10","","","N","1","33GSPTN0482G1Z9","","","CLNAME","","33","13","33","","","","","","25232910","","wheat","","KGS","120.000","10000.00","","","9.000","900.00","9.000","900.00","","200.00","","200.00","55000.00","N","N","","","","FAILED-003","2021-08-10","","",""
"","","","","","","","G001","'052024","33GSPTN0481G1ZA","CR","TAX","2TEST-HSN13","'2024-01-10","","","N","1","33GSPTN0482G1Z9","","","CLNAME","","33","13","29","","","","","","25232910","","wheat","","KGS","130.000","10000.00","18.000","1800.00","","","","","","200.00","","200.00","55000.00","Y","N","","","","FAILED-001","2021-08-10","","",""
"","","","","","","","G001","'052024","33GSPTN0481G1ZA","CR","TAX","2TEST-HSN14","'2024-01-10","","","N","1","33GSPTN0482G1Z9","","","CLNAME","","33","13","33","","","","","","25232910","","wheat","","KGS","140.000","10000.00","","","9.000","900.00","9.000","900.00","","200.00","","200.00","55000.00","Y","N","","","","FAILED-003","2021-08-10","","",""
"","","","","","","","G001","'052024","33GSPTN0481G1ZA","CR","TAX","2TEST-HSN15","'2024-01-10","","","N","1","33GSPTN0482G1Z9","","","CLNAME","","33","13","29","","","","","","25232910","","wheat","","KGS","150.000","0.00","","0.00","","0.00","","0.00","","0.00","","0.00","0.00","N","N","","","","FAILED-001","2021-08-10","","",""
"","","","","","","","G001","'052024","33GSPTN0481G1ZA","CR","TAX","2TEST-HSN16","'2024-01-10","","","N","1","33GSPTN0482G1Z9","","","CLNAME","","33","13","33","","","","","","25232910","","wheat","","KGS","160.000","0.00","","0.00","","0.00","","0.00","","0.00","","0.00","0.00","N","N","","","","FAILED-003","2021-08-10","","",""
"","","","","","","","G001","'052024","33GSPTN0481G1ZA","CR","TAX","2TEST-HSN17","'2024-01-10","","","N","1","33GSPTN0482G1Z9","","","CLNAME","","33","13","29","","","","","","25232910","","wheat","","KGS","0.000","0.00","","0.00","","0.00","","0.00","","0.00","","0.00","0.00","N","N","","","","FAILED-001","2021-08-10","","",""
"","","","","","","","G001","'052024","33GSPTN0481G1ZA","CR","TAX","2TEST-HSN18","'2024-01-10","","","N","1","33GSPTN0482G1Z9","","","CLNAME","","33","13","33","","","","","","25232910","","wheat","","KGS","0.000","0.00","","0.00","","0.00","","0.00","","0.00","","0.00","0.00","N","N","","","","FAILED-003","2021-08-10","","",""
"","","","","","","","G001","'052024","33GSPTN0481G1ZA","CR","TAX","2TEST-HSN19","'2024-01-10","","","N","1","33GSPTN0482G1Z9","","","CLNAME","","33","13","29","","","","","","25232910","","wheat","","KGS","0.000","0.00","","100.00","","0.00","","0.00","","0.00","","0.00","100.00","N","N","","","","FAILED-001","2021-08-10","","",""
"","","","","","","","G001","'052024","33GSPTN0481G1ZA","CR","TAX","2TEST-HSN20","'2024-01-10","","","N","1","33GSPTN0482G1Z9","","","CLNAME","","33","13","33","","","","","","25232910","","wheat","","KGS","0.000","0.00","","0.00","","120.00","","120.00","","0.00","","0.00","100.00","N","N","","","","FAILED-003","2021-08-10","","",""
"","","","","","","","G001","'052024","33GSPTN0481G1ZA","DR","TAX","2TEST-HSN21","'2024-01-10","","","N","1","33GSPTN0482G1Z9","","","CLNAME","","33","13","29","","","","","","37071000","","wheat","","KGS","210.000","80000.00","18.000","14400.00","","","","","","600.00","","600.00","55000.00","N","N","","","","FAILED-001","2021-08-10","","",""
"","","","","","","","G001","'052024","33GSPTN0481G1ZA","DR","TAX","2TEST-HSN22","'2024-01-10","","","N","1","33GSPTN0482G1Z9","","","CLNAME","","33","13","33","","","","","","37071000","","wheat","","KGS","220.000","80000.00","","","9.000","7200.00","9.000","7200.00","","600.00","","600.00","55000.00","N","N","","","","FAILED-003","2021-08-10","","",""
"","","","","","","","G001","'052024","33GSPTN0481G1ZA","DR","TAX","2TEST-HSN23","'2024-01-10","","","N","1","33GSPTN0482G1Z9","","","CLNAME","","33","13","29","","","","","","37071000","","wheat","","KGS","230.000","100000.00","18.000","18000.00","","","","","","670.00","","670.00","55000.00","Y","N","","","","FAILED-001","2021-08-10","","",""
"","","","","","","","G001","'052024","33GSPTN0481G1ZA","DR","TAX","2TEST-HSN24","'2024-01-10","","","N","1","33GSPTN0482G1Z9","","","CLNAME","","33","13","33","","","","","","37071000","","wheat","","KGS","240.000","100000.00","","","9.000","9000.00","9.000","9000.00","","650.00","","650.00","55000.00","Y","N","","","","FAILED-003","2021-08-10","","",""
"","","","","","","","G001","'052024","33GSPTN0481G1ZA","DR","TAX","2TEST-HSN25","'2024-01-10","","","N","1","33GSPTN0482G1Z9","","","CLNAME","","33","13","29","","","","","","37071000","","wheat","","KGS","250.000","0.00","","0.00","","0.00","","0.00","","0.00","","0.00","0.00","N","N","","","","FAILED-001","2021-08-10","","",""
"","","","","","","","G001","'052024","33GSPTN0481G1ZA","DR","TAX","2TEST-HSN26","'2024-01-10","","","N","1","33GSPTN0482G1Z9","","","CLNAME","","33","13","33","","","","","","37071000","","wheat","","KGS","260.000","0.00","","0.00","","0.00","","0.00","","0.00","","0.00","0.00","N","N","","","","FAILED-003","2021-08-10","","",""
"","","","","","","","G001","'052024","33GSPTN0481G1ZA","DR","TAX","2TEST-HSN27","'2024-01-10","","","N","1","33GSPTN0482G1Z9","","","CLNAME","","33","13","29","","","","","","37071000","","wheat","","KGS","0.000","0.00","","0.00","","0.00","","0.00","","0.00","","0.00","0.00","N","N","","","","FAILED-001","2021-08-10","","",""
"","","","","","","","G001","'052024","33GSPTN0481G1ZA","DR","TAX","2TEST-HSN28","'2024-01-10","","","N","1","33GSPTN0482G1Z9","","","CLNAME","","33","13","33","","","","","","37071000","","wheat","","KGS","0.000","0.00","","0.00","","0.00","","0.00","","0.00","","0.00","0.00","N","N","","","","FAILED-003","2021-08-10","","",""
"","","","","","","","G001","'052024","33GSPTN0481G1ZA","DR","TAX","2TEST-HSN29","'2024-01-10","","","N","1","33GSPTN0482G1Z9","","","CLNAME","","33","13","29","","","","","","37071000","","wheat","","KGS","0.000","0.00","","300.00","","0.00","","0.00","","0.00","","0.00","100.00","N","N","","","","FAILED-001","2021-08-10","","",""
"","","","","","","","G001","'052024","33GSPTN0481G1ZA","DR","TAX","2TEST-HSN30","'2024-01-10","","","N","1","33GSPTN0482G1Z9","","","CLNAME","","33","13","33","","","","","","37071000","","wheat","","KGS","0.000","0.00","","0.00","","320.00","","320.00","","0.00","","0.00","100.00","N","N","","","","FAILED-003","2021-08-10","","",""
"FILE","FGR-22","GLAV","DV1","FGR-55","PC11","PC21","G002","'052024","29AAAPH9357H000","INV","DTA","1ALL-11","'2024-05-23","ERP-SCN1","2024-01-18","N","000001","33GSPTN0481G1ZA","","","ESTUATE SOFTWARE TECHNOLOGIESA","ER-6767","33","33","33","INBLR4","4564566","'2024-01-18","567.45","8888.00","25232910","SD678","Electronics","SOD345","NOS","1000.000","152000.00","12.000","18240.00","0.000","0.00","0.000","0.00","0.000","0.00","","0.00","170240.00","N","N","","T3","","1ALL-11","2024-05-23","FGR UD1","FGR UD2","FGR UD3"
"FILE","FGR-22","GLAV","DV1","FGR-55","PC11","PC21","G002","'052024","29AAAPH9357H000","INV","DTA","1ALL-12","'2024-05-23","ERP-SCN1","2024-01-18","N","000001","33GSPTN0481G1ZA","","","ESTUATE SOFTWARE TECHNOLOGIESA","ER-6767","33","33","33","INBLR4","4564566","'2024-01-18","567.45","8888.00","25232910","SD678","Electronics","SOD345","NOS","1000.000","152000.00","12.000","18240.00","0.000","0.00","0.000","0.00","0.000","0.00","","0.00","170240.00","N","N","","T3","","1ALL-12","2024-05-23","FGR UD1","FGR UD2","FGR UD3"
"","","","","","","","AB22","'052024","29AAAPH9357H000","INV","TAX","MY25-QRCODE111","'2023-10-01","","","N","1","33GSPTN0481G1ZA","","","SAP India Private Limited","3034193","33","29","32","","","","","","37071000","STS ONSITE-DOM","wheat","Tools/Monitoring services","KGS","1000.000","152000.00","12.000","18240.00","","","","","","","","","170240.00","N","N","","","","NOV21-001","2021-08-10","","",""
"","","","","","","","AB22","'052024","29AAAPH9357H000","INV","TAX","MY25-QRCODE112","'2023-10-01","","","N","1","33GSPTN0481G1ZA","","","SAP India Private Limited","3034193","33","29","32","","","","","","37071000","STS ONSITE-DOM","wheat","Tools/Monitoring services","KGS","1000.000","152000.00","12.000","18240.00","","","","","","","","","170240.00","N","N","","","","NOV21-003","2021-08-10","","",""
"","","","","","","","AB22","'052024","29AAAPH9357H000","CR","TAX","MY25-QRCODE113","'2023-10-01","","","N","1","33GSPTN0481G1ZA","","","SAP India Private Limited","3034193","33","29","32","","","","","","37071000","STS ONSITE-DOM","wheat","Tools/Monitoring services","KGS","1000.000","152000.00","12.000","18240.00","","","","","","","","","170240.00","N","N","","","","NOV21-005","2021-08-10","","",""
"","","","","","","","AB22","'052024","29AAAPH9357H000","CR","TAX","MY25-QRCODE114","'2023-10-01","","","N","1","33GSPTN0481G1ZA","","","SAP India Private Limited","3034193","33","29","32","","","","","","37071000","STS ONSITE-DOM","wheat","Tools/Monitoring services","KGS","1000.000","152000.00","12.000","18240.00","","","","","","","","","170240.00","N","N","","","","NOV21-007","2021-08-10","","",""
"","","","","","","","AB22","'052024","29AAAPH9357H000","INV","TAX","MY25-QRCODE115","'2023-10-01","","","N","1","33GSPTN0481G1ZA","","","SAP India Private Limited","3034193","33","29","32","","","","","","37071000","STS ONSITE-DOM","wheat","Tools/Monitoring services","KGS","1000.000","152000.00","12.000","18240.00","","","","","","","","","170240.00","N","N","","","","NOV21-009","2021-08-10","","",""
"","","","","","","","AB22","'052024","29AAAPH9357H000","INV","TAX","MY25-QRCODE121","'2023-10-02","","","N","1","33GSPTN0481G1ZA","","","SAP India Private Limited","3034193","33","29","32","","","","","","37071000","STS ONSITE-DOM","wheat","Tools/Monitoring services","KGS","1000.000","152000.00","12.000","18240.00","","","","","","","","","170240.00","N","N","","","","NOV21-009","2021-08-10","","",""
"","","","","","","","AB22","'052024","29AAAPH9357H000","INV","TAX","MY25-QRCODE131","'2023-10-01","","","N","1","33GSPTN0481G1ZA","","","SAP India Private Limited","3034193","33","29","32","","","","","","37071000","STS ONSITE-DOM","wheat","Tools/Monitoring services","KGS","1000.000","152000.00","12.000","18240.00","","","","","","","","","170240.00","N","N","","","","NOV21-001","2021-08-10","","",""
"","","","","","","","G001","'012024","29AAAPH9357H000","INV","TAX","CUSGSTINDEL-10","'2024-01-01","","","N","123","33GSPTN0481G1ZA","","","ABC Company","","33","","33","","","","","","37071000","","Automobile","","NOS","1.000","1000.00","18.000","180.00","","","","","","","","","1180.00","N","N","","","","4-B2B-2","2024-01-01","","",""
"","","","","","","","G001","'012024","29AAAPH9357H000","INV","TAX","CUSGSTINDEL-11","'2024-01-01","","","N","123","33GSPTN0481G1ZA","","","ABC Company","","33","","33","","","","","","37071000","","Automobile","","NOS","1.000","1000.00","18.000","180.00","","","","","9.000","90.00","9.00","90.00","1360.00","N","N","","","","B2BA-1","2024-01-01","","",""
"","","","","","","","AB22","'082024","29AAAPH9357H000","INV","TAX","XK32-QRCODE111","'2024-08-01","","","N","1","33GSPTN0481G1ZA","","","SAP India Private Limited","3034193","33","29","32","","","","","","37071000","STS ONSITE-DOM","wheat","Tools/Monitoring services","KGS","1000.000","152000.00","12.000","18240.00","","","","","","","","","170240.00","N","N","","","","NOV21-001","2021-08-10","","",""
"","","","","","","","AB22","'082024","29AAAPH9357H000","INV","TAX","XK32-QRCODE112","'2024-08-01","","","N","1","33GSPTN0481G1ZA","","","SAP India Private Limited","3034193","33","29","32","","","","","","37071000","STS ONSITE-DOM","wheat","Tools/Monitoring services","KGS","1000.000","152000.00","12.000","18240.00","","","","","","","","","170240.00","N","N","","","","NOV21-003","2021-08-10","","",""
"","","","","","","","AB22","'082024","29AAAPH9357H000","CR","TAX","XK32-QRCODE113","'2024-08-01","","","N","1","33GSPTN0481G1ZA","","","SAP India Private Limited","3034193","33","29","32","","","","","","37071000","STS ONSITE-DOM","wheat","Tools/Monitoring services","KGS","1000.000","152000.00","12.000","18240.00","","","","","","","","","170240.00","N","N","","","","NOV21-005","2021-08-10","","",""
"","","","","","","","AB22","'082024","29AAAPH9357H000","CR","TAX","XK32-QRCODE114","'2024-08-01","","","N","1","33GSPTN0481G1ZA","","","SAP India Private Limited","3034193","33","29","32","","","","","","37071000","STS ONSITE-DOM","wheat","Tools/Monitoring services","KGS","1000.000","152000.00","12.000","18240.00","","","","","","","","","170240.00","N","N","","","","NOV21-007","2021-08-10","","",""
"","","","","","","","AB22","'082024","29AAAPH9357H000","INV","TAX","XK32-QRCODE115","'2024-08-01","","","N","1","33GSPTN0481G1ZA","","","SAP India Private Limited","3034193","33","29","32","","","","","","37071000","STS ONSITE-DOM","wheat","Tools/Monitoring services","KGS","1000.000","152000.00","12.000","18240.00","","","","","","","","","170240.00","N","N","","","","NOV21-009","2021-08-10","","",""
"","","","","","","","AB22","'082024","29AAAPH9357H000","INV","TAX","XK32-QRCODE121","'2024-08-02","","","N","1","33GSPTN0481G1ZA","","","SAP India Private Limited","3034193","33","29","32","","","","","","37071000","STS ONSITE-DOM","wheat","Tools/Monitoring services","KGS","1000.000","152000.00","12.000","18240.00","","","","","","","","","170240.00","N","N","","","","NOV21-009","2021-08-10","","",""
"","","","","","","","AB22","'082024","29AAAPH9357H000","INV","TAX","XK32-QRCODE131","'2024-08-01","","","N","1","33GSPTN0481G1ZA","","","SAP India Private Limited","3034193","33","29","32","","","","","","37071000","STS ONSITE-DOM","wheat","Tools/Monitoring services","KGS","1000.000","152000.00","12.000","18240.00","","","","","","","","","170240.00","N","N","","","","NOV21-001","2021-08-10","","",""
"","","","","","","","G001","'092024","33GSPTN0481G1ZA","INV","TAX","GSTR1A-1","'2024-07-01","","","N","123","33GSPTN0482G1Z9","","","ABC Company","","33","","29","","","","","","37071000","","Automobile","","NOS","1.000","1000.00","18.000","180.00","","","","","","","","","1000.00","N","N","","","","GSTR1A-1","2024-07-01","","",""
"","","","","","","","G001","'092024","33GSPTN0481G1ZA","INV","TAX","GSTR1A-2","'2024-07-01","","","N","123","33GSPTN0482G1Z9","","","ABC Company","","33","","29","","","","","","37071000","","Automobile","","NOS","1.000","1000.00","18.000","180.00","","","","","","","","","1000.00","N","N","","","","GSTR1A-1","2024-07-01","","",""
"","","","","","","","G001","'092024","33GSPTN0481G1ZA","INV","TAX","GSTR1A-3","'2024-07-01","","","N","123","33GSPTN0482G1Z9","","","ABC Company","","33","","29","","","","","","37071000","","Automobile","","NOS","1.000","1000.00","18.000","180.00","","","","","","","","","1000.00","N","N","","","","GSTR1A-1","2024-07-01","","",""
"","","","","","","","G001","'092024","33GSPTN0481G1ZA","INV","TAX","GSTR1A-4","'2024-07-01","","","N","123","33GSPTN0482G1Z9","","","ABC Company","","33","","29","","","","","","37071000","","Automobile","","NOS","1.000","1000.00","18.000","180.00","","","","","","","","","1000.00","N","N","","","","GSTR1A-1","2024-07-01","","",""
"","","","","","","","G001","'092024","33GSPTN0481G1ZA","INV","TAX","GSTR1A-5","'2024-07-01","","","N","123","33GSPTN0482G1Z9","","","ABC Company","","33","","29","","","","","","37071000","","Automobile","","NOS","1.000","1000.00","18.000","180.00","","","","","","","","","1000.00","N","N","","","","GSTR1A-1","2024-07-01","","",""
"","","","","","","","G001","'092024","33GSPTN0481G1ZA","INV","TAX","GSTR1A-6","'2024-07-01","","","N","123","33GSPTN0482G1Z9","","","ABC Company","","33","","29","","","","","","37071000","","Automobile","","NOS","1.000","1000.00","18.000","180.00","","","","","","","","","1000.00","N","N","","","","GSTR1A-1","2024-07-01","","",""
"","","","","","","","G001","'092024","33GSPTN0481G1ZA","INV","TAX","GSTR1A-7","'2024-07-01","","","N","123","33GSPTN0482G1Z9","","","ABC Company","","33","","29","","","","","","37071000","","Automobile","","NOS","1.000","1000.00","18.000","180.00","","","","","","","","","1000.00","N","N","","","","GSTR1A-1","2024-07-01","","",""
"","","","","","","","G001","'092024","33GSPTN0481G1ZA","INV","TAX","GSTR1A-8","'2024-07-01","","","N","123","33GSPTN0482G1Z9","","","ABC Company","","33","","29","","","","","","37071000","","Automobile","","NOS","1.000","1000.00","18.000","180.00","","","","","","","","","1000.00","N","N","","","","GSTR1A-1","2024-07-01","","",""
"","","","","","","","G001","'092024","33GSPTN0481G1ZA","INV","TAX","GSTR1A-9","'2024-07-01","","","N","123","33GSPTN0482G1Z9","","","ABC Company","","33","","29","","","","","","37071000","","Automobile","","NOS","1.000","1000.00","18.000","180.00","","","","","","","","","1000.00","N","N","","","","GSTR1A-1","2024-07-01","","",""
"","","","","","","","G001","'092024","33GSPTN0481G1ZA","INV","TAX","GSTR1A-10","'2024-07-01","","","N","123","33GSPTN0482G1Z9","","","ABC Company","","33","","29","","","","","","37071000","","Automobile","","NOS","1.000","1000.00","18.000","180.00","","","","","","","","","1000.00","N","N","","","","GSTR1A-1","2024-07-01","","",""
"","","","","","","","G001","'092024","33GSPTN0481G1ZA","INV","TAX","GSTR1A-11","'2024-07-01","","","N","123","33GSPTN0482G1Z9","","","ABC Company","","33","","29","","","","","","37071000","","Automobile","","NOS","1.000","1000.00","18.000","180.00","","","","","","","","","1000.00","N","N","","","","GSTR1A-1","2024-07-01","","",""
"","","","","","","","G001","'092024","33GSPTN0481G1ZA","INV","TAX","GSTR1A-12","'2024-07-01","","","N","123","33GSPTN0482G1Z9","","","ABC Company","","33","","29","","","","","","37071000","","Automobile","","NOS","1.000","1000.00","18.000","180.00","","","","","","","","","1000.00","N","N","","","","GSTR1A-1","2024-07-01","","",""
"","","","","","","","G001","'092024","33GSPTN0481G1ZA","INV","TAX","GSTR1A-13","'2024-07-01","","","N","123","33GSPTN0482G1Z9","","","ABC Company","","33","","29","","","","","","37071000","","Automobile","","NOS","1.000","1000.00","18.000","180.00","","","","","","","","","1000.00","N","N","","","","GSTR1A-1","2024-07-01","","",""
"","","","","","","","G001","'092024","33GSPTN0481G1ZA","INV","TAX","GSTR1A-14","'2024-07-01","","","N","123","33GSPTN0482G1Z9","","","ABC Company","","33","","29","","","","","","37071000","","Automobile","","NOS","1.000","1000.00","18.000","180.00","","","","","","","","","1000.00","N","N","","","","GSTR1A-1","2024-07-01","","",""
"","","","","","","","G001","'092024","33GSPTN0481G1ZA","INV","TAX","GSTR1A-15","'2024-07-01","","","N","123","33GSPTN0482G1Z9","","","ABC Company","","33","","29","","","","","","37071000","","Automobile","","NOS","1.000","1000.00","18.000","180.00","","","","","","","","","1000.00","N","N","","","","GSTR1A-1","2024-07-01","","",""
"","","","","","","","G001","'092024","33GSPTN0481G1ZA","INV","TAX","GSTR1A-16","'2024-07-01","","","N","123","33GSPTN0482G1Z9","","","ABC Company","","33","","29","","","","","","37071000","","Automobile","","NOS","1.000","1000.00","18.000","180.00","","","","","","","","","1000.00","N","N","","","","GSTR1A-1","2024-07-01","","",""
"","","","","","","","G001","'092024","33GSPTN0481G1ZA","INV","TAX","GSTR1A-17","'2024-07-01","","","N","123","33GSPTN0482G1Z9","","","ABC Company","","33","","29","","","","","","37071000","","Automobile","","NOS","1.000","1000.00","18.000","180.00","","","","","","","","","1000.00","N","N","","","","GSTR1A-1","2024-07-01","","",""
"","","","","","","","G001","'092024","33GSPTN0481G1ZA","INV","TAX","GSTR1A-18","'2024-07-01","","","N","123","33GSPTN0482G1Z9","","","ABC Company","","33","","29","","","","","","37071000","","Automobile","","NOS","1.000","1000.00","18.000","180.00","","","","","","","","","1000.00","N","N","","","","GSTR1A-1","2024-07-01","","",""
"","","","","","","","G001","'092024","33GSPTN0481G1ZA","INV","TAX","GSTR1A-19","'2024-07-01","","","N","123","33GSPTN0482G1Z9","","","ABC Company","","33","","29","","","","","","37071000","","Automobile","","NOS","1.000","1000.00","18.000","180.00","","","","","","","","","1000.00","N","N","","","","GSTR1A-1","2024-07-01","","",""
"","","","","","","","G001","'092024","33GSPTN0481G1ZA","INV","TAX","GSTR1A-20","'2024-07-01","","","N","123","33GSPTN0482G1Z9","","","ABC Company","","33","","29","","","","","","37071000","","Automobile","","NOS","1.000","1000.00","18.000","180.00","","","","","","","","","1000.00","N","N","","","","GSTR1A-1","2024-07-01","","",""
"","","","","","","","G001","'092024","33GSPTN0481G1ZA","INV","TAX","GSTR1A-21","'2024-07-01","","","N","123","33GSPTN0482G1Z9","","","ABC Company","","33","","29","","","","","","37071000","","Automobile","","NOS","1.000","1000.00","18.000","180.00","","","","","","","","","1000.00","N","N","","","","GSTR1A-1","2024-07-01","","",""
"","","","","","","","G001","'092024","33GSPTN0481G1ZA","INV","TAX","GSTR1A-22","'2024-07-01","","","N","123","33GSPTN0482G1Z9","","","ABC Company","","33","","29","","","","","","37071000","","Automobile","","NOS","1.000","1000.00","18.000","180.00","","","","","","","","","1000.00","N","N","","","","GSTR1A-1","2024-07-01","","",""
"","","","","","","","G001","'092024","33GSPTN0481G1ZA","INV","TAX","GSTR1A-23","'2024-07-01","","","N","123","33GSPTN0482G1Z9","","","ABC Company","","33","","29","","","","","","37071000","","Automobile","","NOS","1.000","1000.00","18.000","180.00","","","","","","","","","1000.00","N","N","","","","GSTR1A-1","2024-07-01","","",""
"","","","","","","","G001","'092024","33GSPTN0481G1ZA","INV","TAX","GSTR1A-24","'2024-07-01","","","N","123","33GSPTN0482G1Z9","","","ABC Company","","33","","29","","","","","","37071000","","Automobile","","NOS","1.000","1000.00","18.000","180.00","","","","","","","","","1000.00","N","N","","","","GSTR1A-1","2024-07-01","","",""
"","","","","","","","G001","'092024","33GSPTN0481G1ZA","INV","TAX","GSTR1A-25","'2024-07-01","","","N","123","33GSPTN0482G1Z9","","","ABC Company","","33","","29","","","","","","37071000","","Automobile","","NOS","1.000","1000.00","18.000","180.00","","","","","","","","","1000.00","N","N","","","","GSTR1A-1","2024-07-01","","",""
"","","","","","","","G001","'092024","33GSPTN0481G1ZA","INV","TAX","GSTR1A-26","'2024-07-01","","","N","123","33GSPTN0482G1Z9","","","ABC Company","","33","","29","","","","","","37071000","","Automobile","","NOS","1.000","1000.00","18.000","180.00","","","","","","","","","1000.00","N","N","","","","GSTR1A-1","2024-07-01","","",""
"","","","","","","","G001","'092024","33GSPTN0481G1ZA","INV","TAX","GSTR1A-27","'2024-07-01","","","N","123","33GSPTN0482G1Z9","","","ABC Company","","33","","29","","","","","","37071000","","Automobile","","NOS","1.000","1000.00","18.000","180.00","","","","","","","","","1000.00","N","N","","","","GSTR1A-1","2024-07-01","","",""
"","","","","","","","G001","'092024","33GSPTN0481G1ZA","INV","TAX","GSTR1A-28","'2024-07-01","","","N","123","33GSPTN0482G1Z9","","","ABC Company","","33","","29","","","","","","37071000","","Automobile","","NOS","1.000","1000.00","18.000","180.00","","","","","","","","","1000.00","N","N","","","","GSTR1A-1","2024-07-01","","",""
"","","","","","","","G001","'092024","33GSPTN0481G1ZA","INV","TAX","GSTR1A-29","'2024-07-01","","","N","123","33GSPTN0482G1Z9","","","ABC Company","","33","","29","","","","","","37071000","","Automobile","","NOS","1.000","1000.00","18.000","180.00","","","","","","","","","1000.00","N","N","","","","GSTR1A-1","2024-07-01","","",""
"","","","","","","","G001","'092024","33GSPTN0481G1ZA","INV","TAX","GSTR1A-30","'2024-07-01","","","N","123","33GSPTN0482G1Z9","","","ABC Company","","33","","29","","","","","","37071000","","Automobile","","NOS","1.000","1000.00","18.000","180.00","","","","","","","","","1000.00","N","N","","","","GSTR1A-1","2024-07-01","","",""
"","","","","","","","G001","'092024","33GSPTN0481G1ZA","INV","TAX","GSTR1A-31","'2024-07-01","","","N","123","33GSPTN0482G1Z9","","","ABC Company","","33","","29","","","","","","37071000","","Automobile","","NOS","1.000","1000.00","18.000","180.00","","","","","","","","","1000.00","N","N","","","","GSTR1A-1","2024-07-01","","",""
"","","","","","","","G001","'092024","33GSPTN0481G1ZA","INV","TAX","GSTR1A-32","'2024-07-01","","","N","123","33GSPTN0482G1Z9","","","ABC Company","","33","","29","","","","","","37071000","","Automobile","","NOS","1.000","1000.00","18.000","180.00","","","","","","","","","1000.00","N","N","","","","GSTR1A-1","2024-07-01","","",""
"","","","","","","","G001","'092024","33GSPTN0481G1ZA","INV","TAX","GSTR1A-33","'2024-07-01","","","N","123","33GSPTN0482G1Z9","","","ABC Company","","33","","29","","","","","","37071000","","Automobile","","NOS","1.000","1000.00","18.000","180.00","","","","","","","","","1000.00","N","N","","","","GSTR1A-1","2024-07-01","","",""
"","","","","","","","G001","'092024","33GSPTN0481G1ZA","INV","TAX","GSTR1A-34","'2024-07-01","","","N","123","33GSPTN0482G1Z9","","","ABC Company","","33","","29","","","","","","37071000","","Automobile","","NOS","1.000","1000.00","18.000","180.00","","","","","","","","","1000.00","N","N","","","","GSTR1A-1","2024-07-01","","",""
"","","","","","","","G001","'092024","33GSPTN0481G1ZA","INV","TAX","GSTR1A-35","'2024-07-01","","","N","123","33GSPTN0482G1Z9","","","ABC Company","","33","","29","","","","","","37071000","","Automobile","","NOS","1.000","1000.00","18.000","180.00","","","","","","","","","1000.00","N","N","","","","GSTR1A-1","2024-07-01","","",""
"","","","","","","","G001","'092024","33GSPTN0481G1ZA","INV","TAX","GSTR1A-36","'2024-07-01","","","N","123","33GSPTN0482G1Z9","","","ABC Company","","33","","29","","","","","","37071000","","Automobile","","NOS","1.000","1000.00","18.000","180.00","","","","","","","","","1000.00","N","N","","","","GSTR1A-1","2024-07-01","","",""
"","","","","","","","G001","'092024","33GSPTN0481G1ZA","INV","TAX","GSTR1A-37","'2024-07-01","","","N","123","33GSPTN0482G1Z9","","","ABC Company","","33","","29","","","","","","37071000","","Automobile","","NOS","1.000","1000.00","18.000","180.00","","","","","","","","","1000.00","N","N","","","","GSTR1A-1","2024-07-01","","",""
"","","","","","","","G001","'092024","33GSPTN0481G1ZA","INV","TAX","GSTR1A-38","'2024-07-01","","","N","123","33GSPTN0482G1Z9","","","ABC Company","","33","","29","","","","","","37071000","","Automobile","","NOS","1.000","1000.00","18.000","180.00","","","","","","","","","1000.00","N","N","","","","GSTR1A-1","2024-07-01","","",""
"","","","","","","","G001","'092024","33GSPTN0481G1ZA","INV","TAX","GSTR1A-39","'2024-07-01","","","N","123","33GSPTN0482G1Z9","","","ABC Company","","33","","29","","","","","","37071000","","Automobile","","NOS","1.000","1000.00","18.000","180.00","","","","","","","","","1000.00","N","N","","","","GSTR1A-1","2024-07-01","","",""
"","","","","","","","G001","'092024","33GSPTN0481G1ZA","INV","TAX","GSTR1A-40","'2024-07-01","","","N","123","33GSPTN0482G1Z9","","","ABC Company","","33","","29","","","","","","37071000","","Automobile","","NOS","1.000","1000.00","18.000","180.00","","","","","","","","","1000.00","N","N","","","","GSTR1A-1","2024-07-01","","",""
"","","","","","","","G001","'092024","33GSPTN0481G1ZA","INV","TAX","GSTR1A-41","'2024-07-01","","","N","123","33GSPTN0482G1Z9","","","ABC Company","","33","","29","","","","","","37071000","","Automobile","","NOS","1.000","1000.00","18.000","180.00","","","","","","","","","1000.00","N","N","","","","GSTR1A-1","2024-07-01","","",""
"","","","","","","","G001","'092024","33GSPTN0481G1ZA","INV","TAX","GSTR1A-42","'2024-07-01","","","N","123","33GSPTN0482G1Z9","","","ABC Company","","33","","29","","","","","","37071000","","Automobile","","NOS","1.000","1000.00","18.000","180.00","","","","","","","","","1000.00","N","N","","","","GSTR1A-1","2024-07-01","","",""
"","","","","","","","G001","'092024","33GSPTN0481G1ZA","INV","TAX","GSTR1A-43","'2024-07-01","","","N","123","33GSPTN0482G1Z9","","","ABC Company","","33","","29","","","","","","37071000","","Automobile","","NOS","1.000","1000.00","18.000","180.00","","","","","","","","","1000.00","N","N","","","","GSTR1A-1","2024-07-01","","",""
"","","","","","","","G001","'092024","33GSPTN0481G1ZA","INV","TAX","GSTR1A-44","'2024-07-01","","","N","123","33GSPTN0482G1Z9","","","ABC Company","","33","","29","","","","","","37071000","","Automobile","","NOS","1.000","1000.00","18.000","180.00","","","","","","","","","1000.00","N","N","","","","GSTR1A-1","2024-07-01","","",""
"","","","","","","","G001","'092024","33GSPTN0481G1ZA","INV","TAX","GSTR1A-45","'2024-07-01","","","N","123","33GSPTN0482G1Z9","","","ABC Company","","33","","29","","","","","","37071000","","Automobile","","NOS","1.000","1000.00","18.000","180.00","","","","","","","","","1000.00","N","N","","","","GSTR1A-1","2024-07-01","","",""
"","","","","","","","G001","'092024","33GSPTN0481G1ZA","INV","TAX","GSTR1A-46","'2024-07-01","","","N","123","33GSPTN0482G1Z9","","","ABC Company","","33","","29","","","","","","37071000","","Automobile","","NOS","1.000","1000.00","18.000","180.00","","","","","","","","","1000.00","N","N","","","","GSTR1A-1","2024-07-01","","",""
"","","","","","","","G001","'092024","33GSPTN0481G1ZA","INV","TAX","GSTR1A-47","'2024-07-01","","","N","123","33GSPTN0482G1Z9","","","ABC Company","","33","","29","","","","","","37071000","","Automobile","","NOS","1.000","1000.00","18.000","180.00","","","","","","","","","1000.00","N","N","","","","GSTR1A-1","2024-07-01","","",""
"","","","","","","","G001","'092024","33GSPTN0481G1ZA","INV","TAX","GSTR1A-48","'2024-07-01","","","N","123","33GSPTN0482G1Z9","","","ABC Company","","33","","29","","","","","","37071000","","Automobile","","NOS","1.000","1000.00","18.000","180.00","","","","","","","","","1000.00","N","N","","","","GSTR1A-1","2024-07-01","","",""
"","","","","","","","G001","'092024","33GSPTN0481G1ZA","INV","TAX","GSTR1A-49","'2024-07-01","","","N","123","33GSPTN0482G1Z9","","","ABC Company","","33","","29","","","","","","37071000","","Automobile","","NOS","1.000","1000.00","18.000","180.00","","","","","","","","","1000.00","N","N","","","","GSTR1A-1","2024-07-01","","",""
"","","","","","","","G001","'092024","33GSPTN0481G1ZA","INV","TAX","GSTR1A-50","'2024-07-01","","","N","123","33GSPTN0482G1Z9","","","ABC Company","","33","","29","","","","","","37071000","","Automobile","","NOS","1.000","1000.00","18.000","180.00","","","","","","","","","1000.00","N","N","","","","GSTR1A-1","2024-07-01","","",""
"","","","","","","","G001","'092024","33GSPTN0481G1ZA","INV","TAX","GSTR1A-51","'2024-07-01","","","N","123","33GSPTN0482G1Z9","","","ABC Company","","33","","29","","","","","","37071000","","Automobile","","NOS","1.000","1000.00","18.000","180.00","","","","","","","","","1000.00","N","N","","","","GSTR1A-1","2024-07-01","","",""
"","","","","","","","G001","'092024","33GSPTN0481G1ZA","INV","TAX","GSTR1A-52","'2024-07-01","","","N","123","33GSPTN0482G1Z9","","","ABC Company","","33","","29","","","","","","37071000","","Automobile","","NOS","1.000","1000.00","18.000","180.00","","","","","","","","","1000.00","N","N","","","","GSTR1A-1","2024-07-01","","",""
"","","","","","","","G001","'092024","33GSPTN0481G1ZA","INV","TAX","GSTR1A-53","'2024-07-01","","","N","123","33GSPTN0482G1Z9","","","ABC Company","","33","","29","","","","","","37071000","","Automobile","","NOS","1.000","1000.00","18.000","180.00","","","","","","","","","1000.00","N","N","","","","GSTR1A-1","2024-07-01","","",""
"","","","","","","","G001","'092024","33GSPTN0481G1ZA","INV","TAX","GSTR1A-54","'2024-07-01","","","N","123","33GSPTN0482G1Z9","","","ABC Company","","33","","29","","","","","","37071000","","Automobile","","NOS","1.000","1000.00","18.000","180.00","","","","","","","","","1000.00","N","N","","","","GSTR1A-1","2024-07-01","","",""
"","","","","","","","G001","'092024","33GSPTN0481G1ZA","INV","TAX","GSTR1A-55","'2024-07-01","","","N","123","33GSPTN0482G1Z9","","","ABC Company","","33","","29","","","","","","37071000","","Automobile","","NOS","1.000","1000.00","18.000","180.00","","","","","","","","","1000.00","N","N","","","","GSTR1A-1","2024-07-01","","",""
"","","","","","","","G001","'092024","33GSPTN0481G1ZA","INV","TAX","GSTR1A-56","'2024-07-01","","","N","123","33GSPTN0482G1Z9","","","ABC Company","","33","","29","","","","","","37071000","","Automobile","","NOS","1.000","1000.00","18.000","180.00","","","","","","","","","1000.00","N","N","","","","GSTR1A-1","2024-07-01","","",""
"","","","","","","","G001","'092024","33GSPTN0481G1ZA","INV","TAX","GSTR1A-57","'2024-07-01","","","N","123","33GSPTN0482G1Z9","","","ABC Company","","33","","29","","","","","","37071000","","Automobile","","NOS","1.000","1000.00","18.000","180.00","","","","","","","","","1000.00","N","N","","","","GSTR1A-1","2024-07-01","","",""
"","","","","","","","G001","'092024","33GSPTN0481G1ZA","INV","TAX","GSTR1A-58","'2024-07-01","","","N","123","33GSPTN0482G1Z9","","","ABC Company","","33","","29","","","","","","37071000","","Automobile","","NOS","1.000","1000.00","18.000","180.00","","","","","","","","","1000.00","N","N","","","","GSTR1A-1","2024-07-01","","",""
"","","","","","","","G001","'092024","33GSPTN0481G1ZA","INV","TAX","GSTR1A-59","'2024-07-01","","","N","123","33GSPTN0482G1Z9","","","ABC Company","","33","","29","","","","","","37071000","","Automobile","","NOS","1.000","1000.00","18.000","180.00","","","","","","","","","1000.00","N","N","","","","GSTR1A-1","2024-07-01","","",""
"","","","","","","","G001","'092024","33GSPTN0481G1ZA","INV","TAX","GSTR1A-60","'2024-07-01","","","N","123","33GSPTN0482G1Z9","","","ABC Company","","33","","29","","","","","","37071000","","Automobile","","NOS","1.000","1000.00","18.000","180.00","","","","","","","","","1000.00","N","N","","","","GSTR1A-1","2024-07-01","","",""
"","","","","","","","G001","'092024","33GSPTN0481G1ZA","INV","TAX","GSTR1A-61","'2024-07-01","","","N","123","33GSPTN0482G1Z9","","","ABC Company","","33","","29","","","","","","37071000","","Automobile","","NOS","1.000","1000.00","18.000","180.00","","","","","","","","","1000.00","N","N","","","","GSTR1A-1","2024-07-01","","",""
"","","","","","","","G001","'092024","33GSPTN0481G1ZA","INV","TAX","GSTR1A-62","'2024-07-01","","","N","123","33GSPTN0482G1Z9","","","ABC Company","","33","","29","","","","","","37071000","","Automobile","","NOS","1.000","1000.00","18.000","180.00","","","","","","","","","1000.00","N","N","","","","GSTR1A-1","2024-07-01","","",""
"","","","","","","","G001","'092024","33GSPTN0481G1ZA","INV","TAX","GSTR1A-63","'2024-07-01","","","N","123","33GSPTN0482G1Z9","","","ABC Company","","33","","29","","","","","","37071000","","Automobile","","NOS","1.000","1000.00","18.000","180.00","","","","","","","","","1000.00","N","N","","","","GSTR1A-1","2024-07-01","","",""
"","","","","","","","G001","'092024","33GSPTN0481G1ZA","INV","TAX","GSTR1A-64","'2024-07-01","","","N","123","33GSPTN0482G1Z9","","","ABC Company","","33","","29","","","","","","37071000","","Automobile","","NOS","1.000","1000.00","18.000","180.00","","","","","","","","","1000.00","N","N","","","","GSTR1A-1","2024-07-01","","",""
"","","","","","","","G001","'092024","33GSPTN0481G1ZA","INV","TAX","GSTR1A-65","'2024-07-01","","","N","123","33GSPTN0482G1Z9","","","ABC Company","","33","","29","","","","","","37071000","","Automobile","","NOS","1.000","1000.00","18.000","180.00","","","","","","","","","1000.00","N","N","","","","GSTR1A-1","2024-07-01","","",""
"","","","","","","","G001","'092024","33GSPTN0481G1ZA","INV","TAX","GSTR1A-66","'2024-07-01","","","N","123","33GSPTN0482G1Z9","","","ABC Company","","33","","29","","","","","","37071000","","Automobile","","NOS","1.000","1000.00","18.000","180.00","","","","","","","","","1000.00","N","N","","","","GSTR1A-1","2024-07-01","","",""
"","","","","","","","G001","'092024","33GSPTN0481G1ZA","INV","TAX","GSTR1A-67","'2024-07-01","","","N","123","33GSPTN0482G1Z9","","","ABC Company","","33","","29","","","","","","37071000","","Automobile","","NOS","1.000","1000.00","18.000","180.00","","","","","","","","","1000.00","N","N","","","","GSTR1A-1","2024-07-01","","",""
"","","","","","","","G001","'092024","33GSPTN0481G1ZA","INV","TAX","GSTR1A-68","'2024-07-01","","","N","123","33GSPTN0482G1Z9","","","ABC Company","","33","","29","","","","","","37071000","","Automobile","","NOS","1.000","1000.00","18.000","180.00","","","","","","","","","1000.00","N","N","","","","GSTR1A-1","2024-07-01","","",""
"","","","","","","","G001","'092024","33GSPTN0481G1ZA","INV","TAX","GSTR1A-69","'2024-07-01","","","N","123","33GSPTN0482G1Z9","","","ABC Company","","33","","29","","","","","","37071000","","Automobile","","NOS","1.000","1000.00","18.000","180.00","","","","","","","","","1000.00","N","N","","","","GSTR1A-1","2024-07-01","","",""
"","","","","","","","G001","'092024","33GSPTN0481G1ZA","INV","TAX","GSTR1A-70","'2024-07-01","","","N","123","33GSPTN0482G1Z9","","","ABC Company","","33","","29","","","","","","37071000","","Automobile","","NOS","1.000","1000.00","18.000","180.00","","","","","","","","","1000.00","N","N","","","","GSTR1A-1","2024-07-01","","",""
"","","","","","","","G001","'092024","33GSPTN0481G1ZA","INV","TAX","GSTR1A-71","'2024-07-01","","","N","123","33GSPTN0482G1Z9","","","ABC Company","","33","","29","","","","","","37071000","","Automobile","","NOS","1.000","1000.00","18.000","180.00","","","","","","","","","1000.00","N","N","","","","GSTR1A-1","2024-07-01","","",""
"","","","","","","","G001","'092024","33GSPTN0481G1ZA","INV","TAX","GSTR1A-72","'2024-07-01","","","N","123","33GSPTN0482G1Z9","","","ABC Company","","33","","29","","","","","","37071000","","Automobile","","NOS","1.000","1000.00","18.000","180.00","","","","","","","","","1000.00","N","N","","","","GSTR1A-1","2024-07-01","","",""
"","","","","","","","G001","'092024","33GSPTN0481G1ZA","INV","TAX","GSTR1A-73","'2024-07-01","","","N","123","33GSPTN0482G1Z9","","","ABC Company","","33","","29","","","","","","37071000","","Automobile","","NOS","1.000","1000.00","18.000","180.00","","","","","","","","","1000.00","N","N","","","","GSTR1A-1","2024-07-01","","",""
"","","","","","","","G001","'092024","33GSPTN0481G1ZA","INV","TAX","GSTR1A-74","'2024-07-01","","","N","123","33GSPTN0482G1Z9","","","ABC Company","","33","","29","","","","","","37071000","","Automobile","","NOS","1.000","1000.00","18.000","180.00","","","","","","","","","1000.00","N","N","","","","GSTR1A-1","2024-07-01","","",""
"","","","","","","","G001","'092024","33GSPTN0481G1ZA","INV","TAX","GSTR1A-75","'2024-07-01","","","N","123","33GSPTN0482G1Z9","","","ABC Company","","33","","29","","","","","","37071000","","Automobile","","NOS","1.000","1000.00","18.000","180.00","","","","","","","","","1000.00","N","N","","","","GSTR1A-1","2024-07-01","","",""
"","","","","","","","G001","'092024","33GSPTN0481G1ZA","INV","TAX","GSTR1A-76","'2024-07-01","","","N","123","33GSPTN0482G1Z9","","","ABC Company","","33","","29","","","","","","37071000","","Automobile","","NOS","1.000","1000.00","18.000","180.00","","","","","","","","","1000.00","N","N","","","","GSTR1A-1","2024-07-01","","",""
"","","","","","","","G001","'092024","33GSPTN0481G1ZA","INV","TAX","GSTR1A-77","'2024-07-01","","","N","123","33GSPTN0482G1Z9","","","ABC Company","","33","","29","","","","","","37071000","","Automobile","","NOS","1.000","1000.00","18.000","180.00","","","","","","","","","1000.00","N","N","","","","GSTR1A-1","2024-07-01","","",""
"","","","","","","","G001","'092024","33GSPTN0481G1ZA","INV","TAX","GSTR1A-78","'2024-07-01","","","N","123","33GSPTN0482G1Z9","","","ABC Company","","33","","29","","","","","","37071000","","Automobile","","NOS","1.000","1000.00","18.000","180.00","","","","","","","","","1000.00","N","N","","","","GSTR1A-1","2024-07-01","","",""
"","","","","","","","G001","'092024","33GSPTN0481G1ZA","INV","TAX","GSTR1A-79","'2024-07-01","","","N","123","33GSPTN0482G1Z9","","","ABC Company","","33","","29","","","","","","37071000","","Automobile","","NOS","1.000","1000.00","18.000","180.00","","","","","","","","","1000.00","N","N","","","","GSTR1A-1","2024-07-01","","",""
"","","","","","","","G001","'092024","33GSPTN0481G1ZA","INV","TAX","GSTR1A-80","'2024-07-01","","","N","123","33GSPTN0482G1Z9","","","ABC Company","","33","","29","","","","","","37071000","","Automobile","","NOS","1.000","1000.00","18.000","180.00","","","","","","","","","1000.00","N","N","","","","GSTR1A-1","2024-07-01","","",""
"","","","","","","","G001","'092024","33GSPTN0481G1ZA","INV","TAX","GSTR1A-81","'2024-07-01","","","N","123","33GSPTN0482G1Z9","","","ABC Company","","33","","29","","","","","","37071000","","Automobile","","NOS","1.000","1000.00","18.000","180.00","","","","","","","","","1000.00","N","N","","","","GSTR1A-1","2024-07-01","","",""
"","","","","","","","G001","'092024","33GSPTN0481G1ZA","INV","TAX","GSTR1A-82","'2024-07-01","","","N","123","33GSPTN0482G1Z9","","","ABC Company","","33","","29","","","","","","37071000","","Automobile","","NOS","1.000","1000.00","18.000","180.00","","","","","","","","","1000.00","N","N","","","","GSTR1A-1","2024-07-01","","",""
"","","","","","","","G001","'092024","33GSPTN0481G1ZA","INV","TAX","GSTR1A-83","'2024-07-01","","","N","123","33GSPTN0482G1Z9","","","ABC Company","","33","","29","","","","","","37071000","","Automobile","","NOS","1.000","1000.00","18.000","180.00","","","","","","","","","1000.00","N","N","","","","GSTR1A-1","2024-07-01","","",""
"","","","","","","","G001","'092024","33GSPTN0481G1ZA","INV","TAX","GSTR1A-84","'2024-07-01","","","N","123","33GSPTN0482G1Z9","","","ABC Company","","33","","29","","","","","","37071000","","Automobile","","NOS","1.000","1000.00","18.000","180.00","","","","","","","","","1000.00","N","N","","","","GSTR1A-1","2024-07-01","","",""
"","","","","","","","G001","'092024","33GSPTN0481G1ZA","INV","TAX","GSTR1A-85","'2024-07-01","","","N","123","33GSPTN0482G1Z9","","","ABC Company","","33","","29","","","","","","37071000","","Automobile","","NOS","1.000","1000.00","18.000","180.00","","","","","","","","","1000.00","N","N","","","","GSTR1A-1","2024-07-01","","",""
"","","","","","","","G001","'092024","33GSPTN0481G1ZA","INV","TAX","GSTR1A-86","'2024-07-01","","","N","123","33GSPTN0482G1Z9","","","ABC Company","","33","","29","","","","","","37071000","","Automobile","","NOS","1.000","1000.00","18.000","180.00","","","","","","","","","1000.00","N","N","","","","GSTR1A-1","2024-07-01","","",""
"","","","","","","","G001","'092024","33GSPTN0481G1ZA","INV","TAX","GSTR1A-87","'2024-07-01","","","N","123","33GSPTN0482G1Z9","","","ABC Company","","33","","29","","","","","","37071000","","Automobile","","NOS","1.000","1000.00","18.000","180.00","","","","","","","","","1000.00","N","N","","","","GSTR1A-1","2024-07-01","","",""
"","","","","","","","G001","'092024","33GSPTN0481G1ZA","INV","TAX","GSTR1A-88","'2024-07-01","","","N","123","33GSPTN0482G1Z9","","","ABC Company","","33","","29","","","","","","37071000","","Automobile","","NOS","1.000","1000.00","18.000","180.00","","","","","","","","","1000.00","N","N","","","","GSTR1A-1","2024-07-01","","",""
"","","","","","","","G001","'092024","33GSPTN0481G1ZA","INV","TAX","GSTR1A-89","'2024-07-01","","","N","123","33GSPTN0482G1Z9","","","ABC Company","","33","","29","","","","","","37071000","","Automobile","","NOS","1.000","1000.00","18.000","180.00","","","","","","","","","1000.00","N","N","","","","GSTR1A-1","2024-07-01","","",""
"","","","","","","","G001","'092024","33GSPTN0481G1ZA","INV","TAX","GSTR1A-90","'2024-07-01","","","N","123","33GSPTN0482G1Z9","","","ABC Company","","33","","29","","","","","","37071000","","Automobile","","NOS","1.000","1000.00","18.000","180.00","","","","","","","","","1000.00","N","N","","","","GSTR1A-1","2024-07-01","","",""
"","","","","","","","G001","'092024","33GSPTN0481G1ZA","INV","TAX","GSTR1A-91","'2024-07-01","","","N","123","33GSPTN0482G1Z9","","","ABC Company","","33","","29","","","","","","37071000","","Automobile","","NOS","1.000","1000.00","18.000","180.00","","","","","","","","","1000.00","N","N","","","","GSTR1A-1","2024-07-01","","",""
"","","","","","","","G001","'092024","33GSPTN0481G1ZA","INV","TAX","GSTR1A-92","'2024-07-01","","","N","123","33GSPTN0482G1Z9","","","ABC Company","","33","","29","","","","","","37071000","","Automobile","","NOS","1.000","1000.00","18.000","180.00","","","","","","","","","1000.00","N","N","","","","GSTR1A-1","2024-07-01","","",""
"","","","","","","","G001","'092024","33GSPTN0481G1ZA","INV","TAX","GSTR1A-93","'2024-07-01","","","N","123","33GSPTN0482G1Z9","","","ABC Company","","33","","29","","","","","","37071000","","Automobile","","NOS","1.000","1000.00","18.000","180.00","","","","","","","","","1000.00","N","N","","","","GSTR1A-1","2024-07-01","","",""
"","","","","","","","G001","'092024","33GSPTN0481G1ZA","INV","TAX","GSTR1A-94","'2024-07-01","","","N","123","33GSPTN0482G1Z9","","","ABC Company","","33","","29","","","","","","37071000","","Automobile","","NOS","1.000","1000.00","18.000","180.00","","","","","","","","","1000.00","N","N","","","","GSTR1A-1","2024-07-01","","",""
"","","","","","","","G001","'092024","33GSPTN0481G1ZA","INV","TAX","GSTR1A-95","'2024-07-01","","","N","123","33GSPTN0482G1Z9","","","ABC Company","","33","","29","","","","","","37071000","","Automobile","","NOS","1.000","1000.00","18.000","180.00","","","","","","","","","1000.00","N","N","","","","GSTR1A-1","2024-07-01","","",""
"","","","","","","","G001","'092024","33GSPTN0481G1ZA","INV","TAX","GSTR1A-96","'2024-07-01","","","N","123","33GSPTN0482G1Z9","","","ABC Company","","33","","29","","","","","","37071000","","Automobile","","NOS","1.000","1000.00","18.000","180.00","","","","","","","","","1000.00","N","N","","","","GSTR1A-1","2024-07-01","","",""
"","","","","","","","G001","'092024","33GSPTN0481G1ZA","INV","TAX","GSTR1A-97","'2024-07-01","","","N","123","33GSPTN0482G1Z9","","","ABC Company","","33","","29","","","","","","37071000","","Automobile","","NOS","1.000","1000.00","18.000","180.00","","","","","","","","","1000.00","N","N","","","","GSTR1A-1","2024-07-01","","",""
"","","","","","","","G001","'092024","33GSPTN0481G1ZA","INV","TAX","GSTR1A-98","'2024-07-01","","","N","123","33GSPTN0482G1Z9","","","ABC Company","","33","","29","","","","","","37071000","","Automobile","","NOS","1.000","1000.00","18.000","180.00","","","","","","","","","1000.00","N","N","","","","GSTR1A-1","2024-07-01","","",""
"","","","","","","","G001","'092024","33GSPTN0481G1ZA","INV","TAX","GSTR1A-99","'2024-07-01","","","N","123","33GSPTN0482G1Z9","","","ABC Company","","33","","29","","","","","","37071000","","Automobile","","NOS","1.000","1000.00","18.000","180.00","","","","","","","","","1000.00","N","N","","","","GSTR1A-1","2024-07-01","","",""
"","","","","","","","G001","'092024","33GSPTN0481G1ZA","INV","TAX","GSTR1A-100","'2024-07-01","","","N","123","33GSPTN0482G1Z9","","","ABC Company","","33","","29","","","","","","37071000","","Automobile","","NOS","1.000","1000.00","18.000","180.00","","","","","","","","","1000.00","N","N","","","","GSTR1A-1","2024-07-01","","",""
"","","","","","","","G001","'092024","33GSPTN0481G1ZA","INV","TAX","GSTR1A-101","'2024-07-01","","","N","123","33GSPTN0482G1Z9","","","ABC Company","","33","","29","","","","","","37071000","","Automobile","","NOS","1.000","1000.00","18.000","180.00","","","","","","","","","1000.00","N","N","","","","GSTR1A-1","2024-07-01","","",""
"","","","","","","","G001","'092024","33GSPTN0481G1ZA","INV","TAX","GSTR1A-102","'2024-07-01","","","N","123","33GSPTN0482G1Z9","","","ABC Company","","33","","29","","","","","","37071000","","Automobile","","NOS","1.000","1000.00","18.000","180.00","","","","","","","","","1000.00","N","N","","","","GSTR1A-1","2024-07-01","","",""
"","","","","","","","G001","'092024","33GSPTN0481G1ZA","INV","TAX","GSTR1A-103","'2024-07-01","","","N","123","33GSPTN0482G1Z9","","","ABC Company","","33","","29","","","","","","37071000","","Automobile","","NOS","1.000","1000.00","18.000","180.00","","","","","","","","","1000.00","N","N","","","","GSTR1A-1","2024-07-01","","",""
"","","","","","","","G001","'092024","33GSPTN0481G1ZA","INV","TAX","GSTR1A-104","'2024-07-01","","","N","123","33GSPTN0482G1Z9","","","ABC Company","","33","","29","","","","","","37071000","","Automobile","","NOS","1.000","1000.00","18.000","180.00","","","","","","","","","1000.00","N","N","","","","GSTR1A-1","2024-07-01","","",""
"","","","","","","","G001","'092024","33GSPTN0481G1ZA","INV","TAX","GSTR1A-105","'2024-07-01","","","N","123","33GSPTN0482G1Z9","","","ABC Company","","33","","29","","","","","","37071000","","Automobile","","NOS","1.000","1000.00","18.000","180.00","","","","","","","","","1000.00","N","N","","","","GSTR1A-1","2024-07-01","","",""
"","","","","","","","G001","'092024","33GSPTN0481G1ZA","INV","TAX","GSTR1A-106","'2024-07-01","","","N","123","33GSPTN0482G1Z9","","","ABC Company","","33","","29","","","","","","37071000","","Automobile","","NOS","1.000","1000.00","18.000","180.00","","","","","","","","","1000.00","N","N","","","","GSTR1A-1","2024-07-01","","",""
"","","","","","","","G001","'092024","33GSPTN0481G1ZA","INV","TAX","GSTR1A-107","'2024-07-01","","","N","123","33GSPTN0482G1Z9","","","ABC Company","","33","","29","","","","","","37071000","","Automobile","","NOS","1.000","1000.00","18.000","180.00","","","","","","","","","1000.00","N","N","","","","GSTR1A-1","2024-07-01","","",""
"","","","","","","","G001","'092024","33GSPTN0481G1ZA","INV","TAX","GSTR1A-108","'2024-07-01","","","N","123","33GSPTN0482G1Z9","","","ABC Company","","33","","29","","","","","","37071000","","Automobile","","NOS","1.000","1000.00","18.000","180.00","","","","","","","","","1000.00","N","N","","","","GSTR1A-1","2024-07-01","","",""
"","","","","","","","G001","'092024","33GSPTN0481G1ZA","INV","TAX","GSTR1A-109","'2024-07-01","","","N","123","33GSPTN0482G1Z9","","","ABC Company","","33","","29","","","","","","37071000","","Automobile","","NOS","1.000","1000.00","18.000","180.00","","","","","","","","","1000.00","N","N","","","","GSTR1A-1","2024-07-01","","",""
"","","","","","","","G001","'092024","33GSPTN0481G1ZA","INV","TAX","GSTR1A-110","'2024-07-01","","","N","123","33GSPTN0482G1Z9","","","ABC Company","","33","","29","","","","","","37071000","","Automobile","","NOS","1.000","1000.00","18.000","180.00","","","","","","","","","1000.00","N","N","","","","GSTR1A-1","2024-07-01","","",""
"","","","","","","","G001","'092024","33GSPTN0481G1ZA","INV","TAX","GSTR1A-111","'2024-07-01","","","N","123","33GSPTN0482G1Z9","","","ABC Company","","33","","29","","","","","","37071000","","Automobile","","NOS","1.000","1000.00","18.000","180.00","","","","","","","","","1000.00","N","N","","","","GSTR1A-1","2024-07-01","","",""
"","","","","","","","G001","'092024","33GSPTN0481G1ZA","INV","TAX","GSTR1A-112","'2024-07-01","","","N","123","33GSPTN0482G1Z9","","","ABC Company","","33","","29","","","","","","37071000","","Automobile","","NOS","1.000","1000.00","18.000","180.00","","","","","","","","","1000.00","N","N","","","","GSTR1A-1","2024-07-01","","",""
"","","","","","","","G001","'092024","33GSPTN0481G1ZA","INV","TAX","GSTR1A-113","'2024-07-01","","","N","123","33GSPTN0482G1Z9","","","ABC Company","","33","","29","","","","","","37071000","","Automobile","","NOS","1.000","1000.00","18.000","180.00","","","","","","","","","1000.00","N","N","","","","GSTR1A-1","2024-07-01","","",""
"","","","","","","","G001","'092024","33GSPTN0481G1ZA","INV","TAX","GSTR1A-114","'2024-07-01","","","N","123","33GSPTN0482G1Z9","","","ABC Company","","33","","29","","","","","","37071000","","Automobile","","NOS","1.000","1000.00","18.000","180.00","","","","","","","","","1000.00","N","N","","","","GSTR1A-1","2024-07-01","","",""
"","","","","","","","G001","'092024","33GSPTN0481G1ZA","INV","TAX","GSTR1A-115","'2024-07-01","","","N","123","33GSPTN0482G1Z9","","","ABC Company","","33","","29","","","","","","37071000","","Automobile","","NOS","1.000","1000.00","18.000","180.00","","","","","","","","","1000.00","N","N","","","","GSTR1A-1","2024-07-01","","",""
"","","","","","","","G001","'092024","33GSPTN0481G1ZA","INV","TAX","GSTR1A-116","'2024-07-01","","","N","123","33GSPTN0482G1Z9","","","ABC Company","","33","","29","","","","","","37071000","","Automobile","","NOS","1.000","1000.00","18.000","180.00","","","","","","","","","1000.00","N","N","","","","GSTR1A-1","2024-07-01","","",""
"","","","","","","","G001","'092024","33GSPTN0481G1ZA","INV","TAX","GSTR1A-117","'2024-07-01","","","N","123","33GSPTN0482G1Z9","","","ABC Company","","33","","29","","","","","","37071000","","Automobile","","NOS","1.000","1000.00","18.000","180.00","","","","","","","","","1000.00","N","N","","","","GSTR1A-1","2024-07-01","","",""
"","","","","","","","G001","'092024","33GSPTN0481G1ZA","INV","TAX","GSTR1A-118","'2024-07-01","","","N","123","33GSPTN0482G1Z9","","","ABC Company","","33","","29","","","","","","37071000","","Automobile","","NOS","1.000","1000.00","18.000","180.00","","","","","","","","","1000.00","N","N","","","","GSTR1A-1","2024-07-01","","",""
"","","","","","","","G001","'092024","33GSPTN0481G1ZA","INV","TAX","GSTR1A-119","'2024-07-01","","","N","123","33GSPTN0482G1Z9","","","ABC Company","","33","","29","","","","","","37071000","","Automobile","","NOS","1.000","1000.00","18.000","180.00","","","","","","","","","1000.00","N","N","","","","GSTR1A-1","2024-07-01","","",""
"","","","","","","","G001","'092024","33GSPTN0481G1ZA","INV","TAX","GSTR1A-120","'2024-07-01","","","N","123","33GSPTN0482G1Z9","","","ABC Company","","33","","29","","","","","","37071000","","Automobile","","NOS","1.000","1000.00","18.000","180.00","","","","","","","","","1000.00","N","N","","","","GSTR1A-1","2024-07-01","","",""
"","","","","","","","G001","'092024","33GSPTN0481G1ZA","INV","TAX","GSTR1A-121","'2024-07-01","","","N","123","33GSPTN0482G1Z9","","","ABC Company","","33","","29","","","","","","37071000","","Automobile","","NOS","1.000","1000.00","18.000","180.00","","","","","","","","","1000.00","N","N","","","","GSTR1A-1","2024-07-01","","",""
"","","","","","","","G001","'092024","33GSPTN0481G1ZA","INV","TAX","GSTR1A-122","'2024-07-01","","","N","123","33GSPTN0482G1Z9","","","ABC Company","","33","","29","","","","","","37071000","","Automobile","","NOS","1.000","1000.00","18.000","180.00","","","","","","","","","1000.00","N","N","","","","GSTR1A-1","2024-07-01","","",""
"","","","","","","","G001","'092024","33GSPTN0481G1ZA","INV","TAX","GSTR1A-123","'2024-07-01","","","N","123","33GSPTN0482G1Z9","","","ABC Company","","33","","29","","","","","","37071000","","Automobile","","NOS","1.000","1000.00","18.000","180.00","","","","","","","","","1000.00","N","N","","","","GSTR1A-1","2024-07-01","","",""
"","","","","","","","G001","'092024","33GSPTN0481G1ZA","INV","TAX","GSTR1A-124","'2024-07-01","","","N","123","33GSPTN0482G1Z9","","","ABC Company","","33","","29","","","","","","37071000","","Automobile","","NOS","1.000","1000.00","18.000","180.00","","","","","","","","","1000.00","N","N","","","","GSTR1A-1","2024-07-01","","",""
"","","","","","","","G001","'092024","33GSPTN0481G1ZA","INV","TAX","GSTR1A-125","'2024-07-01","","","N","123","33GSPTN0482G1Z9","","","ABC Company","","33","","29","","","","","","37071000","","Automobile","","NOS","1.000","1000.00","18.000","180.00","","","","","","","","","1000.00","N","N","","","","GSTR1A-1","2024-07-01","","",""
"","","","","","","","G001","'092024","33GSPTN0481G1ZA","INV","TAX","GSTR1A-126","'2024-07-01","","","N","123","33GSPTN0482G1Z9","","","ABC Company","","33","","29","","","","","","37071000","","Automobile","","NOS","1.000","1000.00","18.000","180.00","","","","","","","","","1000.00","N","N","","","","GSTR1A-1","2024-07-01","","",""
"","","","","","","","G001","'092024","33GSPTN0481G1ZA","INV","TAX","GSTR1A-127","'2024-07-01","","","N","123","33GSPTN0482G1Z9","","","ABC Company","","33","","29","","","","","","37071000","","Automobile","","NOS","1.000","1000.00","18.000","180.00","","","","","","","","","1000.00","N","N","","","","GSTR1A-1","2024-07-01","","",""
"","","","","","","","G001","'092024","33GSPTN0481G1ZA","INV","TAX","GSTR1A-128","'2024-07-01","","","N","123","33GSPTN0482G1Z9","","","ABC Company","","33","","29","","","","","","37071000","","Automobile","","NOS","1.000","1000.00","18.000","180.00","","","","","","","","","1000.00","N","N","","","","GSTR1A-1","2024-07-01","","",""
"","","","","","","","G001","'092024","33GSPTN0481G1ZA","INV","TAX","GSTR1A-129","'2024-07-01","","","N","123","33GSPTN0482G1Z9","","","ABC Company","","33","","29","","","","","","37071000","","Automobile","","NOS","1.000","1000.00","18.000","180.00","","","","","","","","","1000.00","N","N","","","","GSTR1A-1","2024-07-01","","",""
"","","","","","","","G001","'092024","33GSPTN0481G1ZA","INV","TAX","GSTR1A-130","'2024-07-01","","","N","123","33GSPTN0482G1Z9","","","ABC Company","","33","","29","","","","","","37071000","","Automobile","","NOS","1.000","1000.00","18.000","180.00","","","","","","","","","1000.00","N","N","","","","GSTR1A-1","2024-07-01","","",""
"","","","","","","","G001","'092024","33GSPTN0481G1ZA","INV","TAX","GSTR1A-131","'2024-07-01","","","N","123","33GSPTN0482G1Z9","","","ABC Company","","33","","29","","","","","","37071000","","Automobile","","NOS","1.000","1000.00","18.000","180.00","","","","","","","","","1000.00","N","N","","","","GSTR1A-1","2024-07-01","","",""
"","","","","","","","G001","'092024","33GSPTN0481G1ZA","INV","TAX","GSTR1A-132","'2024-07-01","","","N","123","33GSPTN0482G1Z9","","","ABC Company","","33","","29","","","","","","37071000","","Automobile","","NOS","1.000","1000.00","18.000","180.00","","","","","","","","","1000.00","N","N","","","","GSTR1A-1","2024-07-01","","",""
"","","","","","","","G001","'092024","33GSPTN0481G1ZA","INV","TAX","GSTR1A-133","'2024-07-01","","","N","123","33GSPTN0482G1Z9","","","ABC Company","","33","","29","","","","","","37071000","","Automobile","","NOS","1.000","1000.00","18.000","180.00","","","","","","","","","1000.00","N","N","","","","GSTR1A-1","2024-07-01","","",""
"","","","","","","","G001","'092024","33GSPTN0481G1ZA","INV","TAX","GSTR1A-134","'2024-07-01","","","N","123","33GSPTN0482G1Z9","","","ABC Company","","33","","29","","","","","","37071000","","Automobile","","NOS","1.000","1000.00","18.000","180.00","","","","","","","","","1000.00","N","N","","","","GSTR1A-1","2024-07-01","","",""
"","","","","","","","G001","'092024","33GSPTN0481G1ZA","INV","TAX","GSTR1A-135","'2024-07-01","","","N","123","33GSPTN0482G1Z9","","","ABC Company","","33","","29","","","","","","37071000","","Automobile","","NOS","1.000","1000.00","18.000","180.00","","","","","","","","","1000.00","N","N","","","","GSTR1A-1","2024-07-01","","",""
"","","","","","","","G001","'092024","33GSPTN0481G1ZA","INV","TAX","GSTR1A-136","'2024-07-01","","","N","123","33GSPTN0482G1Z9","","","ABC Company","","33","","29","","","","","","37071000","","Automobile","","NOS","1.000","1000.00","18.000","180.00","","","","","","","","","1000.00","N","N","","","","GSTR1A-1","2024-07-01","","",""
"","","","","","","","G001","'092024","33GSPTN0481G1ZA","INV","TAX","GSTR1A-137","'2024-07-01","","","N","123","33GSPTN0482G1Z9","","","ABC Company","","33","","29","","","","","","37071000","","Automobile","","NOS","1.000","1000.00","18.000","180.00","","","","","","","","","1000.00","N","N","","","","GSTR1A-1","2024-07-01","","",""
"","","","","","","","G001","'092024","33GSPTN0481G1ZA","INV","TAX","GSTR1A-138","'2024-07-01","","","N","123","33GSPTN0482G1Z9","","","ABC Company","","33","","29","","","","","","37071000","","Automobile","","NOS","1.000","1000.00","18.000","180.00","","","","","","","","","1000.00","N","N","","","","GSTR1A-1","2024-07-01","","",""
"","","","","","","","G001","'092024","33GSPTN0481G1ZA","INV","TAX","GSTR1A-139","'2024-07-01","","","N","123","33GSPTN0482G1Z9","","","ABC Company","","33","","29","","","","","","37071000","","Automobile","","NOS","1.000","1000.00","18.000","180.00","","","","","","","","","1000.00","N","N","","","","GSTR1A-1","2024-07-01","","",""
"","","","","","","","G001","'092024","33GSPTN0481G1ZA","INV","TAX","GSTR1A-140","'2024-07-01","","","N","123","33GSPTN0482G1Z9","","","ABC Company","","33","","29","","","","","","37071000","","Automobile","","NOS","1.000","1000.00","18.000","180.00","","","","","","","","","1000.00","N","N","","","","GSTR1A-1","2024-07-01","","",""
"","","","","","","","G001","'092024","33GSPTN0481G1ZA","INV","TAX","GSTR1A-141","'2024-07-01","","","N","123","33GSPTN0482G1Z9","","","ABC Company","","33","","29","","","","","","37071000","","Automobile","","NOS","1.000","1000.00","18.000","180.00","","","","","","","","","1000.00","N","N","","","","GSTR1A-1","2024-07-01","","",""
"","","","","","","","G001","'092024","33GSPTN0481G1ZA","INV","TAX","GSTR1A-142","'2024-07-01","","","N","123","33GSPTN0482G1Z9","","","ABC Company","","33","","29","","","","","","37071000","","Automobile","","NOS","1.000","1000.00","18.000","180.00","","","","","","","","","1000.00","N","N","","","","GSTR1A-1","2024-07-01","","",""
"","","","","","","","G001","'092024","33GSPTN0481G1ZA","INV","TAX","GSTR1A-143","'2024-07-01","","","N","123","33GSPTN0482G1Z9","","","ABC Company","","33","","29","","","","","","37071000","","Automobile","","NOS","1.000","1000.00","18.000","180.00","","","","","","","","","1000.00","N","N","","","","GSTR1A-1","2024-07-01","","",""
"","","","","","","","G001","'092024","33GSPTN0481G1ZA","INV","TAX","GSTR1A-144","'2024-07-01","","","N","123","33GSPTN0482G1Z9","","","ABC Company","","33","","29","","","","","","37071000","","Automobile","","NOS","1.000","1000.00","18.000","180.00","","","","","","","","","1000.00","N","N","","","","GSTR1A-1","2024-07-01","","",""
"","","","","","","","G001","'092024","33GSPTN0481G1ZA","INV","TAX","GSTR1A-145","'2024-07-01","","","N","123","33GSPTN0482G1Z9","","","ABC Company","","33","","29","","","","","","37071000","","Automobile","","NOS","1.000","1000.00","18.000","180.00","","","","","","","","","1000.00","N","N","","","","GSTR1A-1","2024-07-01","","",""
"","","","","","","","G001","'092024","33GSPTN0481G1ZA","INV","TAX","GSTR1A-146","'2024-07-01","","","N","123","33GSPTN0482G1Z9","","","ABC Company","","33","","29","","","","","","37071000","","Automobile","","NOS","1.000","1000.00","18.000","180.00","","","","","","","","","1000.00","N","N","","","","GSTR1A-1","2024-07-01","","",""
"","","","","","","","G001","'092024","33GSPTN0481G1ZA","INV","TAX","GSTR1A-147","'2024-07-01","","","N","123","33GSPTN0482G1Z9","","","ABC Company","","33","","29","","","","","","37071000","","Automobile","","NOS","1.000","1000.00","18.000","180.00","","","","","","","","","1000.00","N","N","","","","GSTR1A-1","2024-07-01","","",""
"","","","","","","","G001","'092024","33GSPTN0481G1ZA","INV","TAX","GSTR1A-148","'2024-07-01","","","N","123","33GSPTN0482G1Z9","","","ABC Company","","33","","29","","","","","","37071000","","Automobile","","NOS","1.000","1000.00","18.000","180.00","","","","","","","","","1000.00","N","N","","","","GSTR1A-1","2024-07-01","","",""
"","","","","","","","G001","'092024","33GSPTN0481G1ZA","INV","TAX","GSTR1A-149","'2024-07-01","","","N","123","33GSPTN0482G1Z9","","","ABC Company","","33","","29","","","","","","37071000","","Automobile","","NOS","1.000","1000.00","18.000","180.00","","","","","","","","","1000.00","N","N","","","","GSTR1A-1","2024-07-01","","",""
"","","","","","","","G001","'092024","33GSPTN0481G1ZA","INV","TAX","GSTR1A-150","'2024-07-01","","","N","123","33GSPTN0482G1Z9","","","ABC Company","","33","","29","","","","","","37071000","","Automobile","","NOS","1.000","1000.00","18.000","180.00","","","","","","","","","1000.00","N","N","","","","GSTR1A-1","2024-07-01","","",""
"","","","","","","","G001","'092024","33GSPTN0481G1ZA","INV","TAX","GSTR1A-151","'2024-07-01","","","N","123","33GSPTN0482G1Z9","","","ABC Company","","33","","29","","","","","","37071000","","Automobile","","NOS","1.000","1000.00","18.000","180.00","","","","","","","","","1000.00","N","N","","","","GSTR1A-1","2024-07-01","","",""
"","","","","","","","G001","'092024","33GSPTN0481G1ZA","INV","TAX","GSTR1A-152","'2024-07-01","","","N","123","33GSPTN0482G1Z9","","","ABC Company","","33","","29","","","","","","37071000","","Automobile","","NOS","1.000","1000.00","18.000","180.00","","","","","","","","","1000.00","N","N","","","","GSTR1A-1","2024-07-01","","",""
"","","","","","","","G001","'092024","33GSPTN0481G1ZA","INV","TAX","GSTR1A-153","'2024-07-01","","","N","123","33GSPTN0482G1Z9","","","ABC Company","","33","","29","","","","","","37071000","","Automobile","","NOS","1.000","1000.00","18.000","180.00","","","","","","","","","1000.00","N","N","","","","GSTR1A-1","2024-07-01","","",""
"","","","","","","","G001","'092024","33GSPTN0481G1ZA","INV","TAX","GSTR1A-154","'2024-07-01","","","N","123","33GSPTN0482G1Z9","","","ABC Company","","33","","29","","","","","","37071000","","Automobile","","NOS","1.000","1000.00","18.000","180.00","","","","","","","","","1000.00","N","N","","","","GSTR1A-1","2024-07-01","","",""
"","","","","","","","G001","'092024","33GSPTN0481G1ZA","INV","TAX","GSTR1A-155","'2024-07-01","","","N","123","33GSPTN0482G1Z9","","","ABC Company","","33","","29","","","","","","37071000","","Automobile","","NOS","1.000","1000.00","18.000","180.00","","","","","","","","","1000.00","N","N","","","","GSTR1A-1","2024-07-01","","",""
"","","","","","","","G001","'092024","33GSPTN0481G1ZA","INV","TAX","GSTR1A-156","'2024-07-01","","","N","123","33GSPTN0482G1Z9","","","ABC Company","","33","","29","","","","","","37071000","","Automobile","","NOS","1.000","1000.00","18.000","180.00","","","","","","","","","1000.00","N","N","","","","GSTR1A-1","2024-07-01","","",""
"","","","","","","","G001","'092024","33GSPTN0481G1ZA","INV","TAX","GSTR1A-157","'2024-07-01","","","N","123","33GSPTN0482G1Z9","","","ABC Company","","33","","29","","","","","","37071000","","Automobile","","NOS","1.000","1000.00","18.000","180.00","","","","","","","","","1000.00","N","N","","","","GSTR1A-1","2024-07-01","","",""
"","","","","","","","G001","'092024","33GSPTN0481G1ZA","INV","TAX","GSTR1A-158","'2024-07-01","","","N","123","33GSPTN0482G1Z9","","","ABC Company","","33","","29","","","","","","37071000","","Automobile","","NOS","1.000","1000.00","18.000","180.00","","","","","","","","","1000.00","N","N","","","","GSTR1A-1","2024-07-01","","",""
"","","","","","","","G001","'092024","33GSPTN0481G1ZA","INV","TAX","GSTR1A-159","'2024-07-01","","","N","123","33GSPTN0482G1Z9","","","ABC Company","","33","","29","","","","","","37071000","","Automobile","","NOS","1.000","1000.00","18.000","180.00","","","","","","","","","1000.00","N","N","","","","GSTR1A-1","2024-07-01","","",""
"","","","","","","","G001","'092024","33GSPTN0481G1ZA","INV","TAX","GSTR1A-160","'2024-07-01","","","N","123","33GSPTN0482G1Z9","","","ABC Company","","33","","29","","","","","","37071000","","Automobile","","NOS","1.000","1000.00","18.000","180.00","","","","","","","","","1000.00","N","N","","","","GSTR1A-1","2024-07-01","","",""
"","","","","","","","G001","'092024","33GSPTN0481G1ZA","INV","TAX","GSTR1A-161","'2024-07-01","","","N","123","33GSPTN0482G1Z9","","","ABC Company","","33","","29","","","","","","37071000","","Automobile","","NOS","1.000","1000.00","18.000","180.00","","","","","","","","","1000.00","N","N","","","","GSTR1A-1","2024-07-01","","",""
"","","","","","","","G001","'092024","33GSPTN0481G1ZA","INV","TAX","GSTR1A-162","'2024-07-01","","","N","123","33GSPTN0482G1Z9","","","ABC Company","","33","","29","","","","","","37071000","","Automobile","","NOS","1.000","1000.00","18.000","180.00","","","","","","","","","1000.00","N","N","","","","GSTR1A-1","2024-07-01","","",""
"","","","","","","","G001","'092024","33GSPTN0481G1ZA","INV","TAX","GSTR1A-163","'2024-07-01","","","N","123","33GSPTN0482G1Z9","","","ABC Company","","33","","29","","","","","","37071000","","Automobile","","NOS","1.000","1000.00","18.000","180.00","","","","","","","","","1000.00","N","N","","","","GSTR1A-1","2024-07-01","","",""
"","","","","","","","G001","'092024","33GSPTN0481G1ZA","INV","TAX","GSTR1A-164","'2024-07-01","","","N","123","33GSPTN0482G1Z9","","","ABC Company","","33","","29","","","","","","37071000","","Automobile","","NOS","1.000","1000.00","18.000","180.00","","","","","","","","","1000.00","N","N","","","","GSTR1A-1","2024-07-01","","",""
"","","","","","","","G001","'092024","33GSPTN0481G1ZA","INV","TAX","GSTR1A-165","'2024-07-01","","","N","123","33GSPTN0482G1Z9","","","ABC Company","","33","","29","","","","","","37071000","","Automobile","","NOS","1.000","1000.00","18.000","180.00","","","","","","","","","1000.00","N","N","","","","GSTR1A-1","2024-07-01","","",""
"","","","","","","","G001","'092024","33GSPTN0481G1ZA","INV","TAX","GSTR1A-166","'2024-07-01","","","N","123","33GSPTN0482G1Z9","","","ABC Company","","33","","29","","","","","","37071000","","Automobile","","NOS","1.000","1000.00","18.000","180.00","","","","","","","","","1000.00","N","N","","","","GSTR1A-1","2024-07-01","","",""
"","","","","","","","G001","'092024","33GSPTN0481G1ZA","INV","TAX","GSTR1A-167","'2024-07-01","","","N","123","33GSPTN0482G1Z9","","","ABC Company","","33","","29","","","","","","37071000","","Automobile","","NOS","1.000","1000.00","18.000","180.00","","","","","","","","","1000.00","N","N","","","","GSTR1A-1","2024-07-01","","",""
"","","","","","","","G001","'092024","33GSPTN0481G1ZA","INV","TAX","GSTR1A-168","'2024-07-01","","","N","123","33GSPTN0482G1Z9","","","ABC Company","","33","","29","","","","","","37071000","","Automobile","","NOS","1.000","1000.00","18.000","180.00","","","","","","","","","1000.00","N","N","","","","GSTR1A-1","2024-07-01","","",""
"","","","","","","","G001","'092024","33GSPTN0481G1ZA","INV","TAX","GSTR1A-169","'2024-07-01","","","N","123","33GSPTN0482G1Z9","","","ABC Company","","33","","29","","","","","","37071000","","Automobile","","NOS","1.000","1000.00","18.000","180.00","","","","","","","","","1000.00","N","N","","","","GSTR1A-1","2024-07-01","","",""
"","","","","","","","G001","'092024","33GSPTN0481G1ZA","INV","TAX","GSTR1A-170","'2024-07-01","","","N","123","33GSPTN0482G1Z9","","","ABC Company","","33","","29","","","","","","37071000","","Automobile","","NOS","1.000","1000.00","18.000","180.00","","","","","","","","","1000.00","N","N","","","","GSTR1A-1","2024-07-01","","",""
"","","","","","","","G001","'092024","33GSPTN0481G1ZA","INV","TAX","GSTR1A-171","'2024-07-01","","","N","123","33GSPTN0482G1Z9","","","ABC Company","","33","","29","","","","","","37071000","","Automobile","","NOS","1.000","1000.00","18.000","180.00","","","","","","","","","1000.00","N","N","","","","GSTR1A-1","2024-07-01","","",""
"","","","","","","","G001","'092024","33GSPTN0481G1ZA","INV","TAX","GSTR1A-172","'2024-07-01","","","N","123","33GSPTN0482G1Z9","","","ABC Company","","33","","29","","","","","","37071000","","Automobile","","NOS","1.000","1000.00","18.000","180.00","","","","","","","","","1000.00","N","N","","","","GSTR1A-1","2024-07-01","","",""
"","","","","","","","G001","'092024","33GSPTN0481G1ZA","INV","TAX","GSTR1A-173","'2024-07-01","","","N","123","33GSPTN0482G1Z9","","","ABC Company","","33","","29","","","","","","37071000","","Automobile","","NOS","1.000","1000.00","18.000","180.00","","","","","","","","","1000.00","N","N","","","","GSTR1A-1","2024-07-01","","",""
"","","","","","","","G001","'092024","33GSPTN0481G1ZA","INV","TAX","GSTR1A-174","'2024-07-01","","","N","123","33GSPTN0482G1Z9","","","ABC Company","","33","","29","","","","","","37071000","","Automobile","","NOS","1.000","1000.00","18.000","180.00","","","","","","","","","1000.00","N","N","","","","GSTR1A-1","2024-07-01","","",""
"","","","","","","","G001","'092024","33GSPTN0481G1ZA","INV","TAX","GSTR1A-175","'2024-07-01","","","N","123","33GSPTN0482G1Z9","","","ABC Company","","33","","29","","","","","","37071000","","Automobile","","NOS","1.000","1000.00","18.000","180.00","","","","","","","","","1000.00","N","N","","","","GSTR1A-1","2024-07-01","","",""
"","","","","","","","G001","'092024","33GSPTN0481G1ZA","INV","TAX","GSTR1A-176","'2024-07-01","","","N","123","33GSPTN0482G1Z9","","","ABC Company","","33","","29","","","","","","37071000","","Automobile","","NOS","1.000","1000.00","18.000","180.00","","","","","","","","","1000.00","N","N","","","","GSTR1A-1","2024-07-01","","",""
"","","","","","","","G001","'092024","33GSPTN0481G1ZA","INV","TAX","GSTR1A-177","'2024-07-01","","","N","123","33GSPTN0482G1Z9","","","ABC Company","","33","","29","","","","","","37071000","","Automobile","","NOS","1.000","1000.00","18.000","180.00","","","","","","","","","1000.00","N","N","","","","GSTR1A-1","2024-07-01","","",""
"","","","","","","","G001","'092024","33GSPTN0481G1ZA","INV","TAX","GSTR1A-178","'2024-07-01","","","N","123","33GSPTN0482G1Z9","","","ABC Company","","33","","29","","","","","","37071000","","Automobile","","NOS","1.000","1000.00","18.000","180.00","","","","","","","","","1000.00","N","N","","","","GSTR1A-1","2024-07-01","","",""
"","","","","","","","G001","'092024","33GSPTN0481G1ZA","INV","TAX","GSTR1A-179","'2024-07-01","","","N","123","33GSPTN0482G1Z9","","","ABC Company","","33","","29","","","","","","37071000","","Automobile","","NOS","1.000","1000.00","18.000","180.00","","","","","","","","","1000.00","N","N","","","","GSTR1A-1","2024-07-01","","",""
"","","","","","","","G001","'092024","33GSPTN0481G1ZA","INV","TAX","GSTR1A-180","'2024-07-01","","","N","123","33GSPTN0482G1Z9","","","ABC Company","","33","","29","","","","","","37071000","","Automobile","","NOS","1.000","1000.00","18.000","180.00","","","","","","","","","1000.00","N","N","","","","GSTR1A-1","2024-07-01","","",""
"","","","","","","","G001","'092024","33GSPTN0481G1ZA","INV","TAX","GSTR1A-181","'2024-07-01","","","N","123","33GSPTN0482G1Z9","","","ABC Company","","33","","29","","","","","","37071000","","Automobile","","NOS","1.000","1000.00","18.000","180.00","","","","","","","","","1000.00","N","N","","","","GSTR1A-1","2024-07-01","","",""
"","","","","","","","G001","'092024","33GSPTN0481G1ZA","INV","TAX","GSTR1A-182","'2024-07-01","","","N","123","33GSPTN0482G1Z9","","","ABC Company","","33","","29","","","","","","37071000","","Automobile","","NOS","1.000","1000.00","18.000","180.00","","","","","","","","","1000.00","N","N","","","","GSTR1A-1","2024-07-01","","",""
"","","","","","","","G001","'092024","33GSPTN0481G1ZA","INV","TAX","GSTR1A-183","'2024-07-01","","","N","123","33GSPTN0482G1Z9","","","ABC Company","","33","","29","","","","","","37071000","","Automobile","","NOS","1.000","1000.00","18.000","180.00","","","","","","","","","1000.00","N","N","","","","GSTR1A-1","2024-07-01","","",""
"","","","","","","","G001","'092024","33GSPTN0481G1ZA","INV","TAX","GSTR1A-184","'2024-07-01","","","N","123","33GSPTN0482G1Z9","","","ABC Company","","33","","29","","","","","","37071000","","Automobile","","NOS","1.000","1000.00","18.000","180.00","","","","","","","","","1000.00","N","N","","","","GSTR1A-1","2024-07-01","","",""
"","","","","","","","G001","'092024","33GSPTN0481G1ZA","INV","TAX","GSTR1A-185","'2024-07-01","","","N","123","33GSPTN0482G1Z9","","","ABC Company","","33","","29","","","","","","37071000","","Automobile","","NOS","1.000","1000.00","18.000","180.00","","","","","","","","","1000.00","N","N","","","","GSTR1A-1","2024-07-01","","",""
"","","","","","","","G001","'092024","33GSPTN0481G1ZA","INV","TAX","GSTR1A-186","'2024-07-01","","","N","123","33GSPTN0482G1Z9","","","ABC Company","","33","","29","","","","","","37071000","","Automobile","","NOS","1.000","1000.00","18.000","180.00","","","","","","","","","1000.00","N","N","","","","GSTR1A-1","2024-07-01","","",""
"","","","","","","","G001","'092024","33GSPTN0481G1ZA","INV","TAX","GSTR1A-187","'2024-07-01","","","N","123","33GSPTN0482G1Z9","","","ABC Company","","33","","29","","","","","","37071000","","Automobile","","NOS","1.000","1000.00","18.000","180.00","","","","","","","","","1000.00","N","N","","","","GSTR1A-1","2024-07-01","","",""
"","","","","","","","G001","'092024","33GSPTN0481G1ZA","INV","TAX","GSTR1A-188","'2024-07-01","","","N","123","33GSPTN0482G1Z9","","","ABC Company","","33","","29","","","","","","37071000","","Automobile","","NOS","1.000","1000.00","18.000","180.00","","","","","","","","","1000.00","N","N","","","","GSTR1A-1","2024-07-01","","",""
"","","","","","","","G001","'092024","33GSPTN0481G1ZA","INV","TAX","GSTR1A-189","'2024-07-01","","","N","123","33GSPTN0482G1Z9","","","ABC Company","","33","","29","","","","","","37071000","","Automobile","","NOS","1.000","1000.00","18.000","180.00","","","","","","","","","1000.00","N","N","","","","GSTR1A-1","2024-07-01","","",""
"","","","","","","","G001","'092024","33GSPTN0481G1ZA","INV","TAX","GSTR1A-190","'2024-07-01","","","N","123","33GSPTN0482G1Z9","","","ABC Company","","33","","29","","","","","","37071000","","Automobile","","NOS","1.000","1000.00","18.000","180.00","","","","","","","","","1000.00","N","N","","","","GSTR1A-1","2024-07-01","","",""
"","","","","","","","G001","'092024","33GSPTN0481G1ZA","INV","TAX","GSTR1A-191","'2024-07-01","","","N","123","33GSPTN0482G1Z9","","","ABC Company","","33","","29","","","","","","37071000","","Automobile","","NOS","1.000","1000.00","18.000","180.00","","","","","","","","","1000.00","N","N","","","","GSTR1A-1","2024-07-01","","",""
"","","","","","","","G001","'092024","33GSPTN0481G1ZA","INV","TAX","GSTR1A-192","'2024-07-01","","","N","123","33GSPTN0482G1Z9","","","ABC Company","","33","","29","","","","","","37071000","","Automobile","","NOS","1.000","1000.00","18.000","180.00","","","","","","","","","1000.00","N","N","","","","GSTR1A-1","2024-07-01","","",""
"","","","","","","","G001","'092024","33GSPTN0481G1ZA","INV","TAX","GSTR1A-193","'2024-07-01","","","N","123","33GSPTN0482G1Z9","","","ABC Company","","33","","29","","","","","","37071000","","Automobile","","NOS","1.000","1000.00","18.000","180.00","","","","","","","","","1000.00","N","N","","","","GSTR1A-1","2024-07-01","","",""
"","","","","","","","G001","'092024","33GSPTN0481G1ZA","INV","TAX","GSTR1A-194","'2024-07-01","","","N","123","33GSPTN0482G1Z9","","","ABC Company","","33","","29","","","","","","37071000","","Automobile","","NOS","1.000","1000.00","18.000","180.00","","","","","","","","","1000.00","N","N","","","","GSTR1A-1","2024-07-01","","",""
"","","","","","","","G001","'092024","33GSPTN0481G1ZA","INV","TAX","GSTR1A-195","'2024-07-01","","","N","123","33GSPTN0482G1Z9","","","ABC Company","","33","","29","","","","","","37071000","","Automobile","","NOS","1.000","1000.00","18.000","180.00","","","","","","","","","1000.00","N","N","","","","GSTR1A-1","2024-07-01","","",""
"","","","","","","","G001","'092024","33GSPTN0481G1ZA","INV","TAX","GSTR1A-196","'2024-07-01","","","N","123","33GSPTN0482G1Z9","","","ABC Company","","33","","29","","","","","","37071000","","Automobile","","NOS","1.000","1000.00","18.000","180.00","","","","","","","","","1000.00","N","N","","","","GSTR1A-1","2024-07-01","","",""
"","","","","","","","G001","'092024","33GSPTN0481G1ZA","INV","TAX","GSTR1A-197","'2024-07-01","","","N","123","33GSPTN0482G1Z9","","","ABC Company","","33","","29","","","","","","37071000","","Automobile","","NOS","1.000","1000.00","18.000","180.00","","","","","","","","","1000.00","N","N","","","","GSTR1A-1","2024-07-01","","",""
"","","","","","","","G001","'092024","33GSPTN0481G1ZA","INV","TAX","GSTR1A-198","'2024-07-01","","","N","123","33GSPTN0482G1Z9","","","ABC Company","","33","","29","","","","","","37071000","","Automobile","","NOS","1.000","1000.00","18.000","180.00","","","","","","","","","1000.00","N","N","","","","GSTR1A-1","2024-07-01","","",""
"","","","","","","","G001","'092024","33GSPTN0481G1ZA","INV","TAX","GSTR1A-199","'2024-07-01","","","N","123","33GSPTN0482G1Z9","","","ABC Company","","33","","29","","","","","","37071000","","Automobile","","NOS","1.000","1000.00","18.000","180.00","","","","","","","","","1000.00","N","N","","","","GSTR1A-1","2024-07-01","","",""
"","","","","","","","G001","'092024","33GSPTN0481G1ZA","INV","TAX","GSTR1A-200","'2024-07-01","","","N","123","33GSPTN0482G1Z9","","","ABC Company","","33","","29","","","","","","37071000","","Automobile","","NOS","1.000","1000.00","18.000","180.00","","","","","","","","","1000.00","N","N","","","","GSTR1A-1","2024-07-01","","",""
"","","","","","","","G001","'092024","33GSPTN0481G1ZA","INV","TAX","GSTR1A-201","'2024-07-01","","","N","123","33GSPTN0482G1Z9","","","ABC Company","","33","","29","","","","","","37071000","","Automobile","","NOS","1.000","1000.00","18.000","180.00","","","","","","","","","1000.00","N","N","","","","GSTR1A-1","2024-07-01","","",""
"","","","","","","","G001","'092024","33GSPTN0481G1ZA","INV","TAX","GSTR1A-202","'2024-07-01","","","N","123","33GSPTN0482G1Z9","","","ABC Company","","33","","29","","","","","","37071000","","Automobile","","NOS","1.000","1000.00","18.000","180.00","","","","","","","","","1000.00","N","N","","","","GSTR1A-1","2024-07-01","","",""
"","","","","","","","G001","'092024","33GSPTN0481G1ZA","INV","TAX","GSTR1A-203","'2024-07-01","","","N","123","33GSPTN0482G1Z9","","","ABC Company","","33","","29","","","","","","37071000","","Automobile","","NOS","1.000","1000.00","18.000","180.00","","","","","","","","","1000.00","N","N","","","","GSTR1A-1","2024-07-01","","",""
"","","","","","","","G001","'092024","33GSPTN0481G1ZA","INV","TAX","GSTR1A-204","'2024-07-01","","","N","123","33GSPTN0482G1Z9","","","ABC Company","","33","","29","","","","","","37071000","","Automobile","","NOS","1.000","1000.00","18.000","180.00","","","","","","","","","1000.00","N","N","","","","GSTR1A-1","2024-07-01","","",""
"","","","","","","","G001","'092024","33GSPTN0481G1ZA","INV","TAX","GSTR1A-205","'2024-07-01","","","N","123","33GSPTN0482G1Z9","","","ABC Company","","33","","29","","","","","","37071000","","Automobile","","NOS","1.000","1000.00","18.000","180.00","","","","","","","","","1000.00","N","N","","","","GSTR1A-1","2024-07-01","","",""
"","","","","","","","G001","'092024","33GSPTN0481G1ZA","INV","TAX","GSTR1A-206","'2024-07-01","","","N","123","33GSPTN0482G1Z9","","","ABC Company","","33","","29","","","","","","37071000","","Automobile","","NOS","1.000","1000.00","18.000","180.00","","","","","","","","","1000.00","N","N","","","","GSTR1A-1","2024-07-01","","",""
"","","","","","","","G001","'092024","33GSPTN0481G1ZA","INV","TAX","GSTR1A-207","'2024-07-01","","","N","123","33GSPTN0482G1Z9","","","ABC Company","","33","","29","","","","","","37071000","","Automobile","","NOS","1.000","1000.00","18.000","180.00","","","","","","","","","1000.00","N","N","","","","GSTR1A-1","2024-07-01","","",""
"","","","","","","","G001","'092024","33GSPTN0481G1ZA","INV","TAX","GSTR1A-208","'2024-07-01","","","N","123","33GSPTN0482G1Z9","","","ABC Company","","33","","29","","","","","","37071000","","Automobile","","NOS","1.000","1000.00","18.000","180.00","","","","","","","","","1000.00","N","N","","","","GSTR1A-1","2024-07-01","","",""
"","","","","","","","G001","'092024","33GSPTN0481G1ZA","INV","TAX","GSTR1A-209","'2024-07-01","","","N","123","33GSPTN0482G1Z9","","","ABC Company","","33","","29","","","","","","37071000","","Automobile","","NOS","1.000","1000.00","18.000","180.00","","","","","","","","","1000.00","N","N","","","","GSTR1A-1","2024-07-01","","",""
"","","","","","","","G001","'092024","33GSPTN0481G1ZA","INV","TAX","GSTR1A-210","'2024-07-01","","","N","123","33GSPTN0482G1Z9","","","ABC Company","","33","","29","","","","","","37071000","","Automobile","","NOS","1.000","1000.00","18.000","180.00","","","","","","","","","1000.00","N","N","","","","GSTR1A-1","2024-07-01","","",""
"","","","","","","","G001","'092024","33GSPTN0481G1ZA","INV","TAX","GSTR1A-211","'2024-07-01","","","N","123","33GSPTN0482G1Z9","","","ABC Company","","33","","29","","","","","","37071000","","Automobile","","NOS","1.000","1000.00","18.000","180.00","","","","","","","","","1000.00","N","N","","","","GSTR1A-1","2024-07-01","","",""
"PRDCLNT152","FGR-22","GLAV","G1","FGR-55","PC11","PC21","G002","'062024","29AAAPH9357H000","INV","SEZWP","VEINV-13","'2024-06-27","","","N","1","33GSPTN0482G1Z9","","","ESTUATE SOFTWARE TECHNOLOGIESA","ER-6767","33","33","33","INBLR4","4564566","'2022-01-18","567.45","8888.00","25232910","SD678","Electronics","SOD345","NOS","1000.000","152000.00","12.000","18240.00","0.000","0.00","0.000","0.00","0.000","0.00","","0.00","170240.00","N","N","","T3","","VEINV-13","2024-06-27","FGR UD1","FGR UD2","FGR UD3"
"PRDCLNT152","FGR-22","GLAV","G1","FGR-55","PC11","PC21","G002","'092024","29AAAPH9357H000","INV","TAX","PUSH-8","'2024-09-20","","","N","1","33GSPTN0481G1ZA","","","ESTUATE SOFTWARE TECHNOLOGIESA","ER-6767","33","33","33","INBLR4","4564566","'2022-01-18","567.45","8888.00","25232910","SD678","Electronics","SOD345","NOS","1000.000","152000.00","12.000","18240.00","0.000","0.00","0.000","0.00","0.000","0.00","","0.00","170240.00","N","N","","T3","","PUSH-8","2024-09-20","FGR UD1","FGR UD2","FGR UD3"
"PRDCLNT152","FGR-22","GLAV","G1","FGR-55","PC11","PC21","G002","'092024","29AAAPH9357H000","INV","TAX","PUSH-9","'2024-09-20","","","N","1","33GSPTN0481G1ZA","","","ESTUATE SOFTWARE TECHNOLOGIESA","ER-6767","33","33","33","INBLR4","4564566","'2022-01-18","567.45","8888.00","25232910","SD678","Electronics","SOD345","NOS","1000.000","152000.00","12.000","18240.00","0.000","0.00","0.000","0.00","0.000","0.00","","0.00","170240.00","N","N","","T3","","PUSH-9","2024-09-20","FGR UD1","FGR UD2","FGR UD3"
"PRDCLNT152","FGR-22","GLAV","G1","FGR-55","PC11","PC21","G001","'092024","29AAAPH9357H000","INV","TAX","PUSH-11","'2024-09-20","","","N","1","33GSPTN0481G1ZA","","","ESTUATE SOFTWARE TECHNOLOGIESA","ER-6767","33","33","33","INBLR4","4564566","'2022-01-18","567.45","8888.00","25232910","SD678","Electronics","SOD345","NOS","1000.000","152000.00","12.000","18240.00","0.000","0.00","0.000","0.00","0.000","0.00","","0.00","170240.00","N","N","","T3","","PUSH-11","2024-09-20","FGR UD1","FGR UD2","FGR UD3"
"PRDCLNT152","FGR-22","GLAV","G1","FGR-55","PC11","PC21","G001","'092024","29AAAPH9357H000","INV","TAX","PUSH-12","'2024-09-20","","","N","1","33GSPTN0481G1ZA","","","ESTUATE SOFTWARE TECHNOLOGIESA","ER-6767","33","33","33","INBLR4","4564566","'2022-01-18","567.45","8888.00","25232910","SD678","Electronics","SOD345","NOS","1000.000","152000.00","12.000","18240.00","0.000","0.00","0.000","0.00","0.000","0.00","","0.00","170240.00","N","N","","T3","","PUSH-12","2024-09-20","FGR UD1","FGR UD2","FGR UD3"
